/*
SQLyog Ultimate v12.4.3 (64 bit)
MySQL - 10.4.17-MariaDB : Database - db_paktikum_prognet
*********************************************************************
*/

/*!40101 SET NAMES utf8 */;

/*!40101 SET SQL_MODE=''*/;

/*!40014 SET @OLD_UNIQUE_CHECKS=@@UNIQUE_CHECKS, UNIQUE_CHECKS=0 */;
/*!40014 SET @OLD_FOREIGN_KEY_CHECKS=@@FOREIGN_KEY_CHECKS, FOREIGN_KEY_CHECKS=0 */;
/*!40101 SET @OLD_SQL_MODE=@@SQL_MODE, SQL_MODE='NO_AUTO_VALUE_ON_ZERO' */;
/*!40111 SET @OLD_SQL_NOTES=@@SQL_NOTES, SQL_NOTES=0 */;
CREATE DATABASE /*!32312 IF NOT EXISTS*/`db_paktikum_prognet` /*!40100 DEFAULT CHARACTER SET latin1 */;

USE `db_paktikum_prognet`;

/*Table structure for table `admin_notifications` */

DROP TABLE IF EXISTS `admin_notifications`;

CREATE TABLE `admin_notifications` (
  `id` int(11) NOT NULL AUTO_INCREMENT,
  `type` varchar(191) COLLATE utf8mb4_unicode_ci NOT NULL,
  `notifiable_type` varchar(191) COLLATE utf8mb4_unicode_ci NOT NULL,
  `notifiable_id` int(10) unsigned NOT NULL,
  `data` text COLLATE utf8mb4_unicode_ci NOT NULL,
  `read_at` timestamp NULL DEFAULT NULL,
  `created_at` timestamp NULL DEFAULT NULL,
  `updated_at` timestamp NULL DEFAULT NULL,
  PRIMARY KEY (`id`),
  KEY `seller_notifications_notifiable_type_notifiable_id_index` (`notifiable_type`,`notifiable_id`),
  KEY `notifiable_id` (`notifiable_id`),
  CONSTRAINT `admin_notifications_ibfk_1` FOREIGN KEY (`notifiable_id`) REFERENCES `admins` (`id`)
) ENGINE=InnoDB AUTO_INCREMENT=33 DEFAULT CHARSET=utf8mb4 COLLATE=utf8mb4_unicode_ci;

/*Data for the table `admin_notifications` */

insert  into `admin_notifications`(`id`,`type`,`notifiable_type`,`notifiable_id`,`data`,`read_at`,`created_at`,`updated_at`) values 
(3,'App\\Notifications\\AdminNotification','App\\User',5,'{\"nama\":\"Arta Kusuma\",\"massage\":\"Telah melakukan transaksi\",\"id\":97}','2021-05-11 23:00:47','2021-05-11 22:52:20','2021-05-11 23:00:47'),
(4,'App\\Notifications\\AdminNotification','App\\User',5,'{\"nama\":\"Arta Kusuma\",\"massage\":\"Telah melakukan transaksi\",\"id\":98}','2021-05-16 00:20:11','2021-05-13 02:43:17','2021-05-16 00:20:11'),
(5,'App\\Notifications\\AdminNotification','App\\User',5,'{\"nama\":\"Arta Kusuma\",\"massage\":\"Telah melakukan transaksi\",\"id\":99}',NULL,'2021-05-13 02:45:35','2021-05-13 02:45:35'),
(6,'App\\Notifications\\AdminNotification','App\\User',5,'{\"nama\":\"Arta Kusuma\",\"massage\":\"Telah membatalkan pesanan\",\"id\":98}','2021-05-13 03:14:15','2021-05-13 03:09:52','2021-05-13 03:14:15'),
(7,'App\\Notifications\\AdminNotification','App\\User',5,'{\"nama\":\"Arta Kusuma\",\"massage\":\"Telah melakukan transaksi\",\"id\":102}','2021-05-13 03:18:53','2021-05-13 03:17:51','2021-05-13 03:18:53'),
(8,'App\\Notifications\\AdminNotification','App\\User',5,'{\"nama\":\"Arta Kusuma\",\"massage\":\"Telah melakukan transaksi\",\"id\":103}','2021-05-13 03:39:16','2021-05-13 03:39:04','2021-05-13 03:39:16'),
(9,'App\\Notifications\\AdminNotification','App\\User',5,'{\"nama\":\"Arta Kusuma\",\"massage\":\"Telah melakukan transaksi\",\"id\":104}','2021-05-13 03:52:08','2021-05-13 03:51:18','2021-05-13 03:52:08'),
(10,'App\\Notifications\\AdminNotification','App\\User',5,'{\"nama\":\"Arta Kusuma\",\"massage\":\"Telah melakukan transaksi\",\"id\":105}','2021-05-13 05:24:57','2021-05-13 04:43:55','2021-05-13 05:24:57'),
(11,'App\\Notifications\\AdminNotification','App\\User',5,'{\"nama\":\"Arta Kusuma\",\"massage\":\"Telah melakukan transaksi\",\"id\":106}','2021-05-13 05:21:41','2021-05-13 05:21:29','2021-05-13 05:21:41'),
(12,'App\\Notifications\\AdminNotification','App\\User',5,'{\"nama\":\"Arta Kusuma\",\"massage\":\"Telah melakukan transaksi\",\"id\":107}','2021-05-13 05:24:55','2021-05-13 05:22:46','2021-05-13 05:24:55'),
(13,'App\\Notifications\\AdminNotification','App\\User',5,'{\"nama\":\"Arta Kusuma\",\"massage\":\"Telah membatalkan pesanan\",\"id\":107}','2021-05-13 05:24:52','2021-05-13 05:23:50','2021-05-13 05:24:52'),
(14,'App\\Notifications\\AdminNotification','App\\User',5,'{\"nama\":\"Arta Kusuma\",\"massage\":\"Telah melakukan transaksi\",\"id\":108}','2021-05-13 05:24:50','2021-05-13 05:24:23','2021-05-13 05:24:50'),
(15,'App\\Notifications\\AdminNotification','App\\User',5,'{\"nama\":\"Arta Kusuma\",\"massage\":\"Telah melakukan transaksi\",\"id\":109}','2021-05-13 05:36:04','2021-05-13 05:35:43','2021-05-13 05:36:04'),
(16,'App\\Notifications\\AdminNotification','App\\User',5,'{\"nama\":\"budhi\",\"massage\":\"Telah melakukan transaksi\",\"id\":110}','2021-05-14 01:41:19','2021-05-13 16:10:37','2021-05-14 01:41:19'),
(17,'App\\Notifications\\AdminNotification','App\\User',5,'{\"nama\":\"budhi\",\"massage\":\"Telah melakukan transaksi\",\"id\":111}','2021-05-14 15:06:33','2021-05-13 16:27:00','2021-05-14 15:06:33'),
(18,'App\\Notifications\\AdminNotification','App\\User',5,'{\"nama\":\"budhi\",\"massage\":\"Telah melakukan transaksi\",\"id\":112}','2021-05-13 19:20:07','2021-05-13 19:05:10','2021-05-13 19:20:07'),
(19,'App\\Notifications\\AdminNotification','App\\User',5,'{\"nama\":\"Arta Kusuma\",\"massage\":\"Telah melakukan transaksi\",\"id\":113}','2021-05-13 19:22:00','2021-05-13 19:21:36','2021-05-13 19:22:00'),
(20,'App\\Notifications\\AdminNotification','App\\User',5,'{\"nama\":\"Dede Budhi\",\"massage\":\"Telah melakukan transaksi\",\"id\":114}','2021-05-14 15:56:16','2021-05-14 15:55:49','2021-05-14 15:56:16'),
(21,'App\\Notifications\\AdminNotification','App\\User',5,'{\"nama\":\"Dede Budhi\",\"massage\":\"Telah melakukan transaksi\",\"id\":115}','2021-05-14 15:58:31','2021-05-14 15:58:15','2021-05-14 15:58:31'),
(22,'App\\Notifications\\AdminNotification','App\\User',5,'{\"nama\":\"Arta Kusuma\",\"massage\":\"Telah membatalkan pesanan\",\"id\":\"4\"}','2021-05-16 00:18:11','2021-05-14 23:58:08','2021-05-16 00:18:11'),
(23,'App\\Notifications\\AdminNotification','App\\User',5,'{\"nama\":\"Arta Kusuma\",\"massage\":\"Telah membatalkan pesanan\",\"id\":\"4\"}','2021-05-16 00:17:35','2021-05-15 00:03:01','2021-05-16 00:17:35'),
(24,'App\\Notifications\\AdminNotification','App\\User',5,'{\"nama\":\"Arta Kusuma\",\"massage\":\"Telah melakukan transaksi\",\"id\":116}','2021-05-16 00:19:35','2021-05-15 00:03:54','2021-05-16 00:19:35'),
(28,'App\\Notifications\\AdminNotification','App\\User',5,'{\"nama\":\"Arta Kusuma\",\"massage\":\"Telah melakukan transaksi\",\"id\":117}','2021-05-15 22:41:51','2021-05-15 22:18:38','2021-05-15 22:41:51'),
(29,'App\\Notifications\\AdminNotification','App\\User',5,'{\"nama\":\"Arta Kusuma\",\"massage\":\"Telah melakukan transaksi\",\"id\":118}','2021-05-15 22:59:13','2021-05-15 22:58:36','2021-05-15 22:59:13'),
(30,'App\\Notifications\\AdminNotification','App\\User',5,'{\"nama\":\"budhi\",\"massage\":\"Telah melakukan transaksi\",\"id\":119}',NULL,'2021-05-16 00:02:54','2021-05-16 00:02:54'),
(31,'App\\Notifications\\AdminNotification','App\\User',5,'{\"nama\":\"budhi\",\"massage\":\"Telah membatalkan pesanan\",\"id\":119}','2021-05-16 00:18:29','2021-05-16 00:02:58','2021-05-16 00:18:29'),
(32,'App\\Notifications\\AdminNotification','App\\User',5,'{\"nama\":\"Arta Kusuma\",\"massage\":\"Telah melakukan transaksi\",\"id\":120}','2021-05-21 18:58:44','2021-05-21 18:58:21','2021-05-21 18:58:44');

/*Table structure for table `admins` */

DROP TABLE IF EXISTS `admins`;

CREATE TABLE `admins` (
  `id` int(10) unsigned NOT NULL AUTO_INCREMENT,
  `name` varchar(255) COLLATE utf8mb4_unicode_ci NOT NULL,
  `profile_image` varchar(191) COLLATE utf8mb4_unicode_ci DEFAULT NULL,
  `phone` varchar(12) COLLATE utf8mb4_unicode_ci NOT NULL,
  `email` varchar(255) COLLATE utf8mb4_unicode_ci NOT NULL,
  `password` varchar(255) COLLATE utf8mb4_unicode_ci NOT NULL,
  `is_super` tinyint(1) NOT NULL DEFAULT 0,
  `remember_token` varchar(100) COLLATE utf8mb4_unicode_ci DEFAULT NULL,
  `created_at` timestamp NULL DEFAULT NULL,
  `updated_at` timestamp NULL DEFAULT NULL,
  PRIMARY KEY (`id`),
  UNIQUE KEY `admins_email_unique` (`email`)
) ENGINE=InnoDB AUTO_INCREMENT=11 DEFAULT CHARSET=utf8mb4 COLLATE=utf8mb4_unicode_ci;

/*Data for the table `admins` */

insert  into `admins`(`id`,`name`,`profile_image`,`phone`,`email`,`password`,`is_super`,`remember_token`,`created_at`,`updated_at`) values 
(2,'cici',NULL,'','cici@gmail.com','$2y$10$IXvtpMz39lGUz.PRPl3JvuMjv.cw6.dt3/9cNZ.HUe0PP7N8sW/Km',0,NULL,'2021-04-06 15:24:37','2021-04-06 15:24:37'),
(3,'silvia',NULL,'','silvia@gmail.com','$2y$10$IO0dvuUXu4ZNcuuvmE0fDuenrh/k8QpXBdJdq.yiRMhUUK38.6Aei',0,NULL,'2021-04-06 15:28:36','2021-04-06 15:28:36'),
(4,'eci',NULL,'','eci@gmail.com','$2y$10$Lj0bThQmKZTfZdKg4yca0.SANrKcAjrkj2ziD0TE8L14VANGkkAki',0,NULL,'2021-04-06 15:38:21','2021-04-06 15:38:21'),
(5,'debudhi','f9db9c87d53474980ac80f6b74581821025.jpg','081999121243','debudhiart@gmail.com','$2y$10$0QXZPeqvSHiInPzJ7CWt4etAMR3y3xupjJ4J3hGuFqI3YU2mmiub2',0,NULL,'2021-04-08 16:07:56','2021-05-14 15:47:22'),
(6,'bunda',NULL,'','bunda@gmail.com','$2y$10$k6FUdbSlV4KPB8NxADUNMOfrxF6.wgGm0jTiBfPG/1MQNu9f8aifO',0,NULL,'2021-04-10 16:31:45','2021-04-10 16:31:45'),
(7,'naruto',NULL,'','naruto@gmail.com','$2y$10$gAqYZHYhbP.vofQ4HucPYOIL6bZi3XMiVbvmrOvFj4kK5HV1VlitW',0,NULL,'2021-04-10 17:23:22','2021-04-10 17:23:22'),
(8,'eren',NULL,'','eren@gmail.com','$2y$10$3Dxq1Y.8tOOII8bmMNQ2lujIvvjxrLRGKcuugTYHJc4M/HupqjpFa',0,NULL,'2021-04-10 17:49:00','2021-04-10 17:49:00'),
(9,'meita d',NULL,'','meita_d@gmail.com','$2y$10$VcWxrfCLqCGBCpsyKHwag.2unjNfJTp5Z1GpWjn0k8jD2c5ieEY9W',0,NULL,'2021-05-11 20:04:26','2021-05-11 20:04:26'),
(10,'Dede Budhi',NULL,'081999121243','budhidede_@gmail.com','$2y$10$qXMsGdo6BWUZoDr2UaWdKeOph3d4.7BJtROfvBH4ceZJMOELCdNz2',0,NULL,'2021-05-13 22:42:58','2021-05-13 22:42:58');

/*Table structure for table `carts` */

DROP TABLE IF EXISTS `carts`;

CREATE TABLE `carts` (
  `id` int(10) unsigned NOT NULL AUTO_INCREMENT,
  `user_id` int(10) unsigned NOT NULL,
  `product_id` int(10) unsigned NOT NULL,
  `qty` int(11) NOT NULL,
  `created_at` timestamp NULL DEFAULT NULL,
  `updated_at` timestamp NULL DEFAULT NULL,
  `status` enum('checkedout','notyet','cancelled') COLLATE utf8mb4_unicode_ci DEFAULT NULL,
  PRIMARY KEY (`id`),
  KEY `user_id` (`user_id`),
  KEY `product_id` (`product_id`),
  CONSTRAINT `carts_ibfk_1` FOREIGN KEY (`user_id`) REFERENCES `users` (`id`),
  CONSTRAINT `carts_ibfk_2` FOREIGN KEY (`product_id`) REFERENCES `products` (`id`)
) ENGINE=InnoDB AUTO_INCREMENT=198 DEFAULT CHARSET=utf8mb4 COLLATE=utf8mb4_unicode_ci;

/*Data for the table `carts` */

insert  into `carts`(`id`,`user_id`,`product_id`,`qty`,`created_at`,`updated_at`,`status`) values 
(1,3,1,1,'2021-04-10 19:33:10','2021-05-16 00:02:54','checkedout'),
(7,4,1,1,'2021-04-13 14:13:14','2021-04-13 14:13:14','notyet'),
(14,3,6,1,'2021-04-19 20:22:36','2021-05-16 00:02:54','checkedout'),
(15,3,3,2,'2021-04-19 21:19:03','2021-05-16 00:02:54','checkedout'),
(19,3,1,2,'2021-05-01 18:44:24','2021-05-16 00:02:54','checkedout'),
(20,3,8,1,'2021-05-01 18:48:19','2021-05-16 00:02:54','checkedout'),
(21,3,16,1,'2021-05-01 18:58:18','2021-05-16 00:02:54','checkedout'),
(22,3,17,1,'2021-05-01 18:58:26','2021-05-16 00:02:54','checkedout'),
(23,3,1,1,'2021-05-01 21:16:47','2021-05-16 00:02:54','checkedout'),
(25,3,2,1,'2021-05-01 21:20:04','2021-05-16 00:02:54','checkedout'),
(30,3,1,1,'2021-05-01 21:48:56','2021-05-16 00:02:54','checkedout'),
(31,3,2,1,'2021-05-01 21:48:59','2021-05-16 00:02:54','checkedout'),
(32,3,3,1,'2021-05-01 21:50:30','2021-05-16 00:02:54','checkedout'),
(33,3,2,2,'2021-05-01 22:33:17','2021-05-16 00:02:54','checkedout'),
(34,3,3,1,'2021-05-01 22:33:23','2021-05-16 00:02:54','checkedout'),
(35,3,3,1,'2021-05-01 22:36:27','2021-05-16 00:02:54','checkedout'),
(36,3,7,1,'2021-05-01 22:42:11','2021-05-16 00:02:54','checkedout'),
(37,3,9,1,'2021-05-01 22:42:21','2021-05-16 00:02:54','checkedout'),
(38,3,16,1,'2021-05-01 22:44:47','2021-05-16 00:02:54','checkedout'),
(39,3,17,1,'2021-05-01 22:44:58','2021-05-16 00:02:54','checkedout'),
(40,3,2,5,'2021-05-01 23:32:03','2021-05-16 00:02:54','checkedout'),
(41,3,1,3,'2021-05-01 23:35:28','2021-05-16 00:02:54','checkedout'),
(42,3,1,2,'2021-05-01 23:53:08','2021-05-16 00:02:54','checkedout'),
(43,3,2,2,'2021-05-01 23:53:24','2021-05-16 00:02:54','checkedout'),
(44,3,1,2,'2021-05-02 00:01:05','2021-05-16 00:02:54','checkedout'),
(45,3,4,10,'2021-05-02 00:01:10','2021-05-16 00:02:54','checkedout'),
(47,3,9,3,'2021-05-02 00:24:35','2021-05-16 00:02:54','checkedout'),
(49,3,2,3,'2021-05-02 00:33:24','2021-05-16 00:02:54','checkedout'),
(53,3,7,3,'2021-05-02 00:38:22','2021-05-16 00:02:54','checkedout'),
(54,3,19,3,'2021-05-02 00:38:32','2021-05-16 00:02:54','checkedout'),
(57,3,1,1,'2021-05-02 00:59:06','2021-05-16 00:02:54','checkedout'),
(77,3,6,2,'2021-05-02 11:49:15','2021-05-16 00:02:54','checkedout'),
(87,3,3,3,'2021-05-02 16:51:18','2021-05-16 00:02:54','checkedout'),
(88,3,1,1,'2021-05-02 19:47:05','2021-05-16 00:02:54','checkedout'),
(89,3,1,2,'2021-05-02 20:11:50','2021-05-16 00:02:54','checkedout'),
(94,3,1,2,'2021-05-02 21:19:51','2021-05-16 00:02:54','checkedout'),
(96,3,5,3,'2021-05-02 21:20:41','2021-05-16 00:02:54','checkedout'),
(97,3,9,2,'2021-05-02 21:20:48','2021-05-16 00:02:54','checkedout'),
(102,3,7,3,'2021-05-02 21:52:39','2021-05-16 00:02:54','checkedout'),
(103,3,8,2,'2021-05-02 22:04:45','2021-05-16 00:02:54','checkedout'),
(104,3,1,5,'2021-05-02 22:06:17','2021-05-16 00:02:54','checkedout'),
(105,3,1,1,'2021-05-02 22:18:10','2021-05-16 00:02:54','checkedout'),
(106,3,7,2,'2021-05-02 22:27:02','2021-05-16 00:02:54','checkedout'),
(107,3,9,3,'2021-05-02 22:27:07','2021-05-16 00:02:54','checkedout'),
(108,3,1,1,'2021-05-02 22:32:55','2021-05-16 00:02:54','checkedout'),
(109,3,6,3,'2021-05-02 23:29:16','2021-05-16 00:02:54','checkedout'),
(110,3,2,1,'2021-05-02 23:47:19','2021-05-16 00:02:54','checkedout'),
(111,3,6,1,'2021-05-02 23:49:12','2021-05-16 00:02:54','checkedout'),
(112,3,2,1,'2021-05-03 00:36:56','2021-05-16 00:02:54','checkedout'),
(113,3,2,1,'2021-05-03 00:42:47','2021-05-16 00:02:54','checkedout'),
(114,3,5,1,'2021-05-03 00:44:19','2021-05-16 00:02:54','checkedout'),
(115,3,9,1,'2021-05-03 00:46:29','2021-05-16 00:02:54','checkedout'),
(116,3,1,1,'2021-05-03 00:48:59','2021-05-16 00:02:54','checkedout'),
(117,3,9,1,'2021-05-03 00:57:07','2021-05-16 00:02:54','checkedout'),
(118,3,2,1,'2021-05-03 15:16:44','2021-05-16 00:02:54','checkedout'),
(119,3,2,3,'2021-05-03 17:10:14','2021-05-16 00:02:54','checkedout'),
(121,3,1,2,'2021-05-03 22:18:50','2021-05-16 00:02:54','checkedout'),
(122,5,2,2,'2021-05-06 22:51:58','2021-05-21 18:58:21','checkedout'),
(123,5,1,2,'2021-05-06 22:52:12','2021-05-21 18:58:21','checkedout'),
(124,5,4,2,'2021-05-07 02:59:00','2021-05-21 18:58:21','checkedout'),
(125,5,6,2,'2021-05-07 03:41:05','2021-05-21 18:58:21','checkedout'),
(126,5,17,3,'2021-05-07 03:41:20','2021-05-21 18:58:21','checkedout'),
(127,5,18,1,'2021-05-07 03:41:32','2021-05-21 18:58:21','checkedout'),
(128,5,3,2,'2021-05-08 16:40:37','2021-05-21 18:58:21','checkedout'),
(129,5,3,3,'2021-05-08 16:42:38','2021-05-21 18:58:21','checkedout'),
(130,5,3,2,'2021-05-08 16:44:15','2021-05-21 18:58:21','checkedout'),
(137,5,6,2,'2021-05-08 22:00:29','2021-05-21 18:58:21','checkedout'),
(138,5,1,3,'2021-05-08 22:00:32','2021-05-21 18:58:21','checkedout'),
(139,5,2,1,'2021-05-08 22:33:52','2021-05-21 18:58:21','checkedout'),
(140,5,3,2,'2021-05-09 00:27:00','2021-05-21 18:58:21','checkedout'),
(141,5,2,2,'2021-05-09 00:58:59','2021-05-21 18:58:21','checkedout'),
(142,5,7,3,'2021-05-09 01:02:26','2021-05-21 18:58:21','checkedout'),
(143,5,9,3,'2021-05-09 01:14:47','2021-05-21 18:58:21','checkedout'),
(144,5,5,3,'2021-05-09 13:23:51','2021-05-21 18:58:21','checkedout'),
(145,5,15,2,'2021-05-09 13:24:00','2021-05-21 18:58:21','checkedout'),
(146,5,20,12,'2021-05-09 13:31:51','2021-05-21 18:58:21','checkedout'),
(147,5,9,1,'2021-05-09 13:33:04','2021-05-21 18:58:21','checkedout'),
(148,5,3,1,'2021-05-09 14:06:42','2021-05-21 18:58:21','checkedout'),
(149,5,5,3,'2021-05-09 16:21:18','2021-05-21 18:58:21','checkedout'),
(150,5,6,1,'2021-05-11 21:57:11','2021-05-21 18:58:21','checkedout'),
(151,5,5,2,'2021-05-11 22:26:55','2021-05-21 18:58:21','checkedout'),
(152,5,7,1,'2021-05-11 22:50:19','2021-05-21 18:58:21','checkedout'),
(153,5,7,2,'2021-05-11 22:52:06','2021-05-21 18:58:21','checkedout'),
(154,5,9,3,'2021-05-13 02:41:59','2021-05-21 18:58:21','checkedout'),
(155,5,4,3,'2021-05-13 02:44:18','2021-05-21 18:58:21','checkedout'),
(156,5,15,2,'2021-05-13 02:44:33','2021-05-21 18:58:21','checkedout'),
(157,5,5,2,'2021-05-13 03:14:42','2021-05-21 18:58:21','checkedout'),
(158,5,5,2,'2021-05-13 03:38:34','2021-05-21 18:58:21','checkedout'),
(160,5,11,3,'2021-05-13 03:50:17','2021-05-21 18:58:21','checkedout'),
(162,5,19,1,'2021-05-13 03:50:48','2021-05-21 18:58:21','checkedout'),
(163,5,1,1,'2021-05-13 04:38:23','2021-05-21 18:58:21','checkedout'),
(164,5,11,1,'2021-05-13 04:41:07','2021-05-21 18:58:21','checkedout'),
(168,5,7,1,'2021-05-13 04:45:39','2021-05-21 18:58:21','checkedout'),
(170,5,5,1,'2021-05-13 05:22:28','2021-05-21 18:58:21','checkedout'),
(171,5,5,1,'2021-05-13 05:23:57','2021-05-21 18:58:21','checkedout'),
(172,5,4,3,'2021-05-13 05:35:26','2021-05-21 18:58:21','checkedout'),
(173,3,2,1,'2021-05-13 16:10:15','2021-05-16 00:02:54','checkedout'),
(174,3,2,1,'2021-05-13 16:26:38','2021-05-16 00:02:54','checkedout'),
(175,3,16,3,'2021-05-13 19:03:31','2021-05-16 00:02:54','checkedout'),
(176,3,1,2,'2021-05-13 19:03:37','2021-05-16 00:02:54','checkedout'),
(177,5,6,2,'2021-05-13 19:18:23','2021-05-21 18:58:21','checkedout'),
(178,14,9,1,'2021-05-14 02:16:53','2021-05-14 02:16:53','notyet'),
(179,14,1,1,'2021-05-14 02:17:04','2021-05-14 02:17:04','notyet'),
(181,8,6,2,'2021-05-14 15:55:19','2021-05-14 15:58:15','checkedout'),
(182,8,7,2,'2021-05-14 15:55:26','2021-05-14 15:58:15','checkedout'),
(183,8,6,2,'2021-05-14 15:57:54','2021-05-14 15:58:15','checkedout'),
(184,8,7,2,'2021-05-14 15:58:00','2021-05-14 15:58:15','checkedout'),
(185,5,4,1,'2021-05-15 00:03:32','2021-05-21 18:58:21','checkedout'),
(189,5,2,2,'2021-05-15 21:46:10','2021-05-21 18:58:21','checkedout'),
(190,5,1,2,'2021-05-15 21:46:13','2021-05-21 18:58:21','checkedout'),
(191,5,2,1,'2021-05-15 22:56:44','2021-05-21 18:58:21','checkedout'),
(192,3,5,1,'2021-05-16 00:02:35','2021-05-16 00:02:54','checkedout'),
(194,3,5,3,'2021-05-16 03:20:03','2021-05-16 03:20:15','notyet'),
(195,3,7,6,'2021-05-16 03:20:09','2021-05-16 03:20:14','notyet'),
(196,3,1,2,'2021-05-16 03:21:42','2021-05-16 03:21:44','notyet'),
(197,5,6,2,'2021-05-21 18:58:00','2021-05-21 18:58:21','checkedout');

/*Table structure for table `cities` */

DROP TABLE IF EXISTS `cities`;

CREATE TABLE `cities` (
  `id` bigint(20) unsigned NOT NULL AUTO_INCREMENT,
  `province_id` int(10) unsigned NOT NULL,
  `city_id` int(10) unsigned NOT NULL,
  `name` varchar(255) COLLATE utf8mb4_unicode_ci NOT NULL,
  `created_at` timestamp NULL DEFAULT NULL,
  `updated_at` timestamp NULL DEFAULT NULL,
  PRIMARY KEY (`id`)
) ENGINE=InnoDB AUTO_INCREMENT=502 DEFAULT CHARSET=utf8mb4 COLLATE=utf8mb4_unicode_ci;

/*Data for the table `cities` */

insert  into `cities`(`id`,`province_id`,`city_id`,`name`,`created_at`,`updated_at`) values 
(1,1,17,'Badung','2021-05-01 15:42:24','2021-05-01 15:42:24'),
(2,1,32,'Bangli','2021-05-01 15:42:24','2021-05-01 15:42:24'),
(3,1,94,'Buleleng','2021-05-01 15:42:24','2021-05-01 15:42:24'),
(4,1,114,'Denpasar','2021-05-01 15:42:24','2021-05-01 15:42:24'),
(5,1,128,'Gianyar','2021-05-01 15:42:24','2021-05-01 15:42:24'),
(6,1,161,'Jembrana','2021-05-01 15:42:24','2021-05-01 15:42:24'),
(7,1,170,'Karangasem','2021-05-01 15:42:24','2021-05-01 15:42:24'),
(8,1,197,'Klungkung','2021-05-01 15:42:24','2021-05-01 15:42:24'),
(9,1,447,'Tabanan','2021-05-01 15:42:24','2021-05-01 15:42:24'),
(10,2,27,'Bangka','2021-05-01 15:42:25','2021-05-01 15:42:25'),
(11,2,28,'Bangka Barat','2021-05-01 15:42:25','2021-05-01 15:42:25'),
(12,2,29,'Bangka Selatan','2021-05-01 15:42:25','2021-05-01 15:42:25'),
(13,2,30,'Bangka Tengah','2021-05-01 15:42:25','2021-05-01 15:42:25'),
(14,2,56,'Belitung','2021-05-01 15:42:25','2021-05-01 15:42:25'),
(15,2,57,'Belitung Timur','2021-05-01 15:42:25','2021-05-01 15:42:25'),
(16,2,334,'Pangkal Pinang','2021-05-01 15:42:25','2021-05-01 15:42:25'),
(17,3,106,'Cilegon','2021-05-01 15:42:26','2021-05-01 15:42:26'),
(18,3,232,'Lebak','2021-05-01 15:42:26','2021-05-01 15:42:26'),
(19,3,331,'Pandeglang','2021-05-01 15:42:26','2021-05-01 15:42:26'),
(20,3,402,'Serang','2021-05-01 15:42:26','2021-05-01 15:42:26'),
(21,3,403,'Serang','2021-05-01 15:42:26','2021-05-01 15:42:26'),
(22,3,455,'Tangerang','2021-05-01 15:42:26','2021-05-01 15:42:26'),
(23,3,456,'Tangerang','2021-05-01 15:42:26','2021-05-01 15:42:26'),
(24,3,457,'Tangerang Selatan','2021-05-01 15:42:26','2021-05-01 15:42:26'),
(25,4,62,'Bengkulu','2021-05-01 15:42:28','2021-05-01 15:42:28'),
(26,4,63,'Bengkulu Selatan','2021-05-01 15:42:28','2021-05-01 15:42:28'),
(27,4,64,'Bengkulu Tengah','2021-05-01 15:42:28','2021-05-01 15:42:28'),
(28,4,65,'Bengkulu Utara','2021-05-01 15:42:28','2021-05-01 15:42:28'),
(29,4,175,'Kaur','2021-05-01 15:42:28','2021-05-01 15:42:28'),
(30,4,183,'Kepahiang','2021-05-01 15:42:28','2021-05-01 15:42:28'),
(31,4,233,'Lebong','2021-05-01 15:42:28','2021-05-01 15:42:28'),
(32,4,294,'Muko Muko','2021-05-01 15:42:28','2021-05-01 15:42:28'),
(33,4,379,'Rejang Lebong','2021-05-01 15:42:28','2021-05-01 15:42:28'),
(34,4,397,'Seluma','2021-05-01 15:42:28','2021-05-01 15:42:28'),
(35,5,39,'Bantul','2021-05-01 15:42:29','2021-05-01 15:42:29'),
(36,5,135,'Gunung Kidul','2021-05-01 15:42:29','2021-05-01 15:42:29'),
(37,5,210,'Kulon Progo','2021-05-01 15:42:29','2021-05-01 15:42:29'),
(38,5,419,'Sleman','2021-05-01 15:42:29','2021-05-01 15:42:29'),
(39,5,501,'Yogyakarta','2021-05-01 15:42:29','2021-05-01 15:42:29'),
(40,6,151,'Jakarta Barat','2021-05-01 15:42:31','2021-05-01 15:42:31'),
(41,6,152,'Jakarta Pusat','2021-05-01 15:42:31','2021-05-01 15:42:31'),
(42,6,153,'Jakarta Selatan','2021-05-01 15:42:31','2021-05-01 15:42:31'),
(43,6,154,'Jakarta Timur','2021-05-01 15:42:31','2021-05-01 15:42:31'),
(44,6,155,'Jakarta Utara','2021-05-01 15:42:31','2021-05-01 15:42:31'),
(45,6,189,'Kepulauan Seribu','2021-05-01 15:42:31','2021-05-01 15:42:31'),
(46,7,77,'Boalemo','2021-05-01 15:42:32','2021-05-01 15:42:32'),
(47,7,88,'Bone Bolango','2021-05-01 15:42:32','2021-05-01 15:42:32'),
(48,7,129,'Gorontalo','2021-05-01 15:42:32','2021-05-01 15:42:32'),
(49,7,130,'Gorontalo','2021-05-01 15:42:32','2021-05-01 15:42:32'),
(50,7,131,'Gorontalo Utara','2021-05-01 15:42:32','2021-05-01 15:42:32'),
(51,7,361,'Pohuwato','2021-05-01 15:42:32','2021-05-01 15:42:32'),
(52,8,50,'Batang Hari','2021-05-01 15:42:33','2021-05-01 15:42:33'),
(53,8,97,'Bungo','2021-05-01 15:42:33','2021-05-01 15:42:33'),
(54,8,156,'Jambi','2021-05-01 15:42:33','2021-05-01 15:42:33'),
(55,8,194,'Kerinci','2021-05-01 15:42:33','2021-05-01 15:42:33'),
(56,8,280,'Merangin','2021-05-01 15:42:33','2021-05-01 15:42:33'),
(57,8,293,'Muaro Jambi','2021-05-01 15:42:33','2021-05-01 15:42:33'),
(58,8,393,'Sarolangun','2021-05-01 15:42:33','2021-05-01 15:42:33'),
(59,8,442,'Sungaipenuh','2021-05-01 15:42:33','2021-05-01 15:42:33'),
(60,8,460,'Tanjung Jabung Barat','2021-05-01 15:42:33','2021-05-01 15:42:33'),
(61,8,461,'Tanjung Jabung Timur','2021-05-01 15:42:33','2021-05-01 15:42:33'),
(62,8,471,'Tebo','2021-05-01 15:42:33','2021-05-01 15:42:33'),
(63,9,22,'Bandung','2021-05-01 15:42:35','2021-05-01 15:42:35'),
(64,9,23,'Bandung','2021-05-01 15:42:35','2021-05-01 15:42:35'),
(65,9,24,'Bandung Barat','2021-05-01 15:42:35','2021-05-01 15:42:35'),
(66,9,34,'Banjar','2021-05-01 15:42:35','2021-05-01 15:42:35'),
(67,9,54,'Bekasi','2021-05-01 15:42:35','2021-05-01 15:42:35'),
(68,9,55,'Bekasi','2021-05-01 15:42:35','2021-05-01 15:42:35'),
(69,9,78,'Bogor','2021-05-01 15:42:35','2021-05-01 15:42:35'),
(70,9,79,'Bogor','2021-05-01 15:42:35','2021-05-01 15:42:35'),
(71,9,103,'Ciamis','2021-05-01 15:42:35','2021-05-01 15:42:35'),
(72,9,104,'Cianjur','2021-05-01 15:42:35','2021-05-01 15:42:35'),
(73,9,107,'Cimahi','2021-05-01 15:42:35','2021-05-01 15:42:35'),
(74,9,108,'Cirebon','2021-05-01 15:42:35','2021-05-01 15:42:35'),
(75,9,109,'Cirebon','2021-05-01 15:42:35','2021-05-01 15:42:35'),
(76,9,115,'Depok','2021-05-01 15:42:35','2021-05-01 15:42:35'),
(77,9,126,'Garut','2021-05-01 15:42:35','2021-05-01 15:42:35'),
(78,9,149,'Indramayu','2021-05-01 15:42:35','2021-05-01 15:42:35'),
(79,9,171,'Karawang','2021-05-01 15:42:35','2021-05-01 15:42:35'),
(80,9,211,'Kuningan','2021-05-01 15:42:35','2021-05-01 15:42:35'),
(81,9,252,'Majalengka','2021-05-01 15:42:35','2021-05-01 15:42:35'),
(82,9,332,'Pangandaran','2021-05-01 15:42:35','2021-05-01 15:42:35'),
(83,9,376,'Purwakarta','2021-05-01 15:42:35','2021-05-01 15:42:35'),
(84,9,428,'Subang','2021-05-01 15:42:35','2021-05-01 15:42:35'),
(85,9,430,'Sukabumi','2021-05-01 15:42:35','2021-05-01 15:42:35'),
(86,9,431,'Sukabumi','2021-05-01 15:42:35','2021-05-01 15:42:35'),
(87,9,440,'Sumedang','2021-05-01 15:42:35','2021-05-01 15:42:35'),
(88,9,468,'Tasikmalaya','2021-05-01 15:42:35','2021-05-01 15:42:35'),
(89,9,469,'Tasikmalaya','2021-05-01 15:42:35','2021-05-01 15:42:35'),
(90,10,37,'Banjarnegara','2021-05-01 15:42:36','2021-05-01 15:42:36'),
(91,10,41,'Banyumas','2021-05-01 15:42:36','2021-05-01 15:42:36'),
(92,10,49,'Batang','2021-05-01 15:42:36','2021-05-01 15:42:36'),
(93,10,76,'Blora','2021-05-01 15:42:36','2021-05-01 15:42:36'),
(94,10,91,'Boyolali','2021-05-01 15:42:36','2021-05-01 15:42:36'),
(95,10,92,'Brebes','2021-05-01 15:42:36','2021-05-01 15:42:36'),
(96,10,105,'Cilacap','2021-05-01 15:42:36','2021-05-01 15:42:36'),
(97,10,113,'Demak','2021-05-01 15:42:36','2021-05-01 15:42:36'),
(98,10,134,'Grobogan','2021-05-01 15:42:36','2021-05-01 15:42:36'),
(99,10,163,'Jepara','2021-05-01 15:42:36','2021-05-01 15:42:36'),
(100,10,169,'Karanganyar','2021-05-01 15:42:36','2021-05-01 15:42:36'),
(101,10,177,'Kebumen','2021-05-01 15:42:36','2021-05-01 15:42:36'),
(102,10,181,'Kendal','2021-05-01 15:42:36','2021-05-01 15:42:36'),
(103,10,196,'Klaten','2021-05-01 15:42:36','2021-05-01 15:42:36'),
(104,10,209,'Kudus','2021-05-01 15:42:36','2021-05-01 15:42:36'),
(105,10,249,'Magelang','2021-05-01 15:42:36','2021-05-01 15:42:36'),
(106,10,250,'Magelang','2021-05-01 15:42:36','2021-05-01 15:42:36'),
(107,10,344,'Pati','2021-05-01 15:42:36','2021-05-01 15:42:36'),
(108,10,348,'Pekalongan','2021-05-01 15:42:36','2021-05-01 15:42:36'),
(109,10,349,'Pekalongan','2021-05-01 15:42:36','2021-05-01 15:42:36'),
(110,10,352,'Pemalang','2021-05-01 15:42:36','2021-05-01 15:42:36'),
(111,10,375,'Purbalingga','2021-05-01 15:42:36','2021-05-01 15:42:36'),
(112,10,377,'Purworejo','2021-05-01 15:42:36','2021-05-01 15:42:36'),
(113,10,380,'Rembang','2021-05-01 15:42:36','2021-05-01 15:42:36'),
(114,10,386,'Salatiga','2021-05-01 15:42:36','2021-05-01 15:42:36'),
(115,10,398,'Semarang','2021-05-01 15:42:36','2021-05-01 15:42:36'),
(116,10,399,'Semarang','2021-05-01 15:42:36','2021-05-01 15:42:36'),
(117,10,427,'Sragen','2021-05-01 15:42:36','2021-05-01 15:42:36'),
(118,10,433,'Sukoharjo','2021-05-01 15:42:36','2021-05-01 15:42:36'),
(119,10,445,'Surakarta (Solo)','2021-05-01 15:42:36','2021-05-01 15:42:36'),
(120,10,472,'Tegal','2021-05-01 15:42:36','2021-05-01 15:42:36'),
(121,10,473,'Tegal','2021-05-01 15:42:36','2021-05-01 15:42:36'),
(122,10,476,'Temanggung','2021-05-01 15:42:36','2021-05-01 15:42:36'),
(123,10,497,'Wonogiri','2021-05-01 15:42:36','2021-05-01 15:42:36'),
(124,10,498,'Wonosobo','2021-05-01 15:42:36','2021-05-01 15:42:36'),
(125,11,31,'Bangkalan','2021-05-01 15:42:37','2021-05-01 15:42:37'),
(126,11,42,'Banyuwangi','2021-05-01 15:42:37','2021-05-01 15:42:37'),
(127,11,51,'Batu','2021-05-01 15:42:37','2021-05-01 15:42:37'),
(128,11,74,'Blitar','2021-05-01 15:42:37','2021-05-01 15:42:37'),
(129,11,75,'Blitar','2021-05-01 15:42:37','2021-05-01 15:42:37'),
(130,11,80,'Bojonegoro','2021-05-01 15:42:37','2021-05-01 15:42:37'),
(131,11,86,'Bondowoso','2021-05-01 15:42:37','2021-05-01 15:42:37'),
(132,11,133,'Gresik','2021-05-01 15:42:37','2021-05-01 15:42:37'),
(133,11,160,'Jember','2021-05-01 15:42:37','2021-05-01 15:42:37'),
(134,11,164,'Jombang','2021-05-01 15:42:37','2021-05-01 15:42:37'),
(135,11,178,'Kediri','2021-05-01 15:42:37','2021-05-01 15:42:37'),
(136,11,179,'Kediri','2021-05-01 15:42:37','2021-05-01 15:42:37'),
(137,11,222,'Lamongan','2021-05-01 15:42:37','2021-05-01 15:42:37'),
(138,11,243,'Lumajang','2021-05-01 15:42:37','2021-05-01 15:42:37'),
(139,11,247,'Madiun','2021-05-01 15:42:37','2021-05-01 15:42:37'),
(140,11,248,'Madiun','2021-05-01 15:42:37','2021-05-01 15:42:37'),
(141,11,251,'Magetan','2021-05-01 15:42:37','2021-05-01 15:42:37'),
(142,11,255,'Malang','2021-05-01 15:42:37','2021-05-01 15:42:37'),
(143,11,256,'Malang','2021-05-01 15:42:37','2021-05-01 15:42:37'),
(144,11,289,'Mojokerto','2021-05-01 15:42:37','2021-05-01 15:42:37'),
(145,11,290,'Mojokerto','2021-05-01 15:42:37','2021-05-01 15:42:37'),
(146,11,305,'Nganjuk','2021-05-01 15:42:37','2021-05-01 15:42:37'),
(147,11,306,'Ngawi','2021-05-01 15:42:37','2021-05-01 15:42:37'),
(148,11,317,'Pacitan','2021-05-01 15:42:37','2021-05-01 15:42:37'),
(149,11,330,'Pamekasan','2021-05-01 15:42:37','2021-05-01 15:42:37'),
(150,11,342,'Pasuruan','2021-05-01 15:42:37','2021-05-01 15:42:37'),
(151,11,343,'Pasuruan','2021-05-01 15:42:37','2021-05-01 15:42:37'),
(152,11,363,'Ponorogo','2021-05-01 15:42:37','2021-05-01 15:42:37'),
(153,11,369,'Probolinggo','2021-05-01 15:42:37','2021-05-01 15:42:37'),
(154,11,370,'Probolinggo','2021-05-01 15:42:37','2021-05-01 15:42:37'),
(155,11,390,'Sampang','2021-05-01 15:42:37','2021-05-01 15:42:37'),
(156,11,409,'Sidoarjo','2021-05-01 15:42:37','2021-05-01 15:42:37'),
(157,11,418,'Situbondo','2021-05-01 15:42:37','2021-05-01 15:42:37'),
(158,11,441,'Sumenep','2021-05-01 15:42:37','2021-05-01 15:42:37'),
(159,11,444,'Surabaya','2021-05-01 15:42:37','2021-05-01 15:42:37'),
(160,11,487,'Trenggalek','2021-05-01 15:42:37','2021-05-01 15:42:37'),
(161,11,489,'Tuban','2021-05-01 15:42:37','2021-05-01 15:42:37'),
(162,11,492,'Tulungagung','2021-05-01 15:42:37','2021-05-01 15:42:37'),
(163,12,61,'Bengkayang','2021-05-01 15:42:39','2021-05-01 15:42:39'),
(164,12,168,'Kapuas Hulu','2021-05-01 15:42:39','2021-05-01 15:42:39'),
(165,12,176,'Kayong Utara','2021-05-01 15:42:39','2021-05-01 15:42:39'),
(166,12,195,'Ketapang','2021-05-01 15:42:39','2021-05-01 15:42:39'),
(167,12,208,'Kubu Raya','2021-05-01 15:42:39','2021-05-01 15:42:39'),
(168,12,228,'Landak','2021-05-01 15:42:39','2021-05-01 15:42:39'),
(169,12,279,'Melawi','2021-05-01 15:42:39','2021-05-01 15:42:39'),
(170,12,364,'Pontianak','2021-05-01 15:42:39','2021-05-01 15:42:39'),
(171,12,365,'Pontianak','2021-05-01 15:42:39','2021-05-01 15:42:39'),
(172,12,388,'Sambas','2021-05-01 15:42:39','2021-05-01 15:42:39'),
(173,12,391,'Sanggau','2021-05-01 15:42:39','2021-05-01 15:42:39'),
(174,12,395,'Sekadau','2021-05-01 15:42:39','2021-05-01 15:42:39'),
(175,12,415,'Singkawang','2021-05-01 15:42:39','2021-05-01 15:42:39'),
(176,12,417,'Sintang','2021-05-01 15:42:39','2021-05-01 15:42:39'),
(177,13,18,'Balangan','2021-05-01 15:42:40','2021-05-01 15:42:40'),
(178,13,33,'Banjar','2021-05-01 15:42:40','2021-05-01 15:42:40'),
(179,13,35,'Banjarbaru','2021-05-01 15:42:40','2021-05-01 15:42:40'),
(180,13,36,'Banjarmasin','2021-05-01 15:42:40','2021-05-01 15:42:40'),
(181,13,43,'Barito Kuala','2021-05-01 15:42:40','2021-05-01 15:42:40'),
(182,13,143,'Hulu Sungai Selatan','2021-05-01 15:42:40','2021-05-01 15:42:40'),
(183,13,144,'Hulu Sungai Tengah','2021-05-01 15:42:40','2021-05-01 15:42:40'),
(184,13,145,'Hulu Sungai Utara','2021-05-01 15:42:40','2021-05-01 15:42:40'),
(185,13,203,'Kotabaru','2021-05-01 15:42:40','2021-05-01 15:42:40'),
(186,13,446,'Tabalong','2021-05-01 15:42:40','2021-05-01 15:42:40'),
(187,13,452,'Tanah Bumbu','2021-05-01 15:42:40','2021-05-01 15:42:40'),
(188,13,454,'Tanah Laut','2021-05-01 15:42:40','2021-05-01 15:42:40'),
(189,13,466,'Tapin','2021-05-01 15:42:40','2021-05-01 15:42:40'),
(190,14,44,'Barito Selatan','2021-05-01 15:42:41','2021-05-01 15:42:41'),
(191,14,45,'Barito Timur','2021-05-01 15:42:41','2021-05-01 15:42:41'),
(192,14,46,'Barito Utara','2021-05-01 15:42:41','2021-05-01 15:42:41'),
(193,14,136,'Gunung Mas','2021-05-01 15:42:41','2021-05-01 15:42:41'),
(194,14,167,'Kapuas','2021-05-01 15:42:41','2021-05-01 15:42:41'),
(195,14,174,'Katingan','2021-05-01 15:42:41','2021-05-01 15:42:41'),
(196,14,205,'Kotawaringin Barat','2021-05-01 15:42:41','2021-05-01 15:42:41'),
(197,14,206,'Kotawaringin Timur','2021-05-01 15:42:41','2021-05-01 15:42:41'),
(198,14,221,'Lamandau','2021-05-01 15:42:41','2021-05-01 15:42:41'),
(199,14,296,'Murung Raya','2021-05-01 15:42:41','2021-05-01 15:42:41'),
(200,14,326,'Palangka Raya','2021-05-01 15:42:41','2021-05-01 15:42:41'),
(201,14,371,'Pulang Pisau','2021-05-01 15:42:41','2021-05-01 15:42:41'),
(202,14,405,'Seruyan','2021-05-01 15:42:41','2021-05-01 15:42:41'),
(203,14,432,'Sukamara','2021-05-01 15:42:41','2021-05-01 15:42:41'),
(204,15,19,'Balikpapan','2021-05-01 15:42:42','2021-05-01 15:42:42'),
(205,15,66,'Berau','2021-05-01 15:42:42','2021-05-01 15:42:42'),
(206,15,89,'Bontang','2021-05-01 15:42:42','2021-05-01 15:42:42'),
(207,15,214,'Kutai Barat','2021-05-01 15:42:42','2021-05-01 15:42:42'),
(208,15,215,'Kutai Kartanegara','2021-05-01 15:42:42','2021-05-01 15:42:42'),
(209,15,216,'Kutai Timur','2021-05-01 15:42:42','2021-05-01 15:42:42'),
(210,15,341,'Paser','2021-05-01 15:42:42','2021-05-01 15:42:42'),
(211,15,354,'Penajam Paser Utara','2021-05-01 15:42:42','2021-05-01 15:42:42'),
(212,15,387,'Samarinda','2021-05-01 15:42:42','2021-05-01 15:42:42'),
(213,16,96,'Bulungan (Bulongan)','2021-05-01 15:42:44','2021-05-01 15:42:44'),
(214,16,257,'Malinau','2021-05-01 15:42:44','2021-05-01 15:42:44'),
(215,16,311,'Nunukan','2021-05-01 15:42:44','2021-05-01 15:42:44'),
(216,16,450,'Tana Tidung','2021-05-01 15:42:44','2021-05-01 15:42:44'),
(217,16,467,'Tarakan','2021-05-01 15:42:44','2021-05-01 15:42:44'),
(218,17,48,'Batam','2021-05-01 15:42:45','2021-05-01 15:42:45'),
(219,17,71,'Bintan','2021-05-01 15:42:45','2021-05-01 15:42:45'),
(220,17,172,'Karimun','2021-05-01 15:42:45','2021-05-01 15:42:45'),
(221,17,184,'Kepulauan Anambas','2021-05-01 15:42:45','2021-05-01 15:42:45'),
(222,17,237,'Lingga','2021-05-01 15:42:45','2021-05-01 15:42:45'),
(223,17,302,'Natuna','2021-05-01 15:42:45','2021-05-01 15:42:45'),
(224,17,462,'Tanjung Pinang','2021-05-01 15:42:45','2021-05-01 15:42:45'),
(225,18,21,'Bandar Lampung','2021-05-01 15:42:46','2021-05-01 15:42:46'),
(226,18,223,'Lampung Barat','2021-05-01 15:42:46','2021-05-01 15:42:46'),
(227,18,224,'Lampung Selatan','2021-05-01 15:42:46','2021-05-01 15:42:46'),
(228,18,225,'Lampung Tengah','2021-05-01 15:42:46','2021-05-01 15:42:46'),
(229,18,226,'Lampung Timur','2021-05-01 15:42:46','2021-05-01 15:42:46'),
(230,18,227,'Lampung Utara','2021-05-01 15:42:46','2021-05-01 15:42:46'),
(231,18,282,'Mesuji','2021-05-01 15:42:46','2021-05-01 15:42:46'),
(232,18,283,'Metro','2021-05-01 15:42:46','2021-05-01 15:42:46'),
(233,18,355,'Pesawaran','2021-05-01 15:42:46','2021-05-01 15:42:46'),
(234,18,356,'Pesisir Barat','2021-05-01 15:42:46','2021-05-01 15:42:46'),
(235,18,368,'Pringsewu','2021-05-01 15:42:46','2021-05-01 15:42:46'),
(236,18,458,'Tanggamus','2021-05-01 15:42:46','2021-05-01 15:42:46'),
(237,18,490,'Tulang Bawang','2021-05-01 15:42:46','2021-05-01 15:42:46'),
(238,18,491,'Tulang Bawang Barat','2021-05-01 15:42:46','2021-05-01 15:42:46'),
(239,18,496,'Way Kanan','2021-05-01 15:42:46','2021-05-01 15:42:46'),
(240,19,14,'Ambon','2021-05-01 15:42:47','2021-05-01 15:42:47'),
(241,19,99,'Buru','2021-05-01 15:42:47','2021-05-01 15:42:47'),
(242,19,100,'Buru Selatan','2021-05-01 15:42:47','2021-05-01 15:42:47'),
(243,19,185,'Kepulauan Aru','2021-05-01 15:42:47','2021-05-01 15:42:47'),
(244,19,258,'Maluku Barat Daya','2021-05-01 15:42:47','2021-05-01 15:42:47'),
(245,19,259,'Maluku Tengah','2021-05-01 15:42:47','2021-05-01 15:42:47'),
(246,19,260,'Maluku Tenggara','2021-05-01 15:42:47','2021-05-01 15:42:47'),
(247,19,261,'Maluku Tenggara Barat','2021-05-01 15:42:47','2021-05-01 15:42:47'),
(248,19,400,'Seram Bagian Barat','2021-05-01 15:42:47','2021-05-01 15:42:47'),
(249,19,401,'Seram Bagian Timur','2021-05-01 15:42:47','2021-05-01 15:42:47'),
(250,19,488,'Tual','2021-05-01 15:42:47','2021-05-01 15:42:47'),
(251,20,138,'Halmahera Barat','2021-05-01 15:42:48','2021-05-01 15:42:48'),
(252,20,139,'Halmahera Selatan','2021-05-01 15:42:48','2021-05-01 15:42:48'),
(253,20,140,'Halmahera Tengah','2021-05-01 15:42:48','2021-05-01 15:42:48'),
(254,20,141,'Halmahera Timur','2021-05-01 15:42:48','2021-05-01 15:42:48'),
(255,20,142,'Halmahera Utara','2021-05-01 15:42:48','2021-05-01 15:42:48'),
(256,20,191,'Kepulauan Sula','2021-05-01 15:42:48','2021-05-01 15:42:48'),
(257,20,372,'Pulau Morotai','2021-05-01 15:42:48','2021-05-01 15:42:48'),
(258,20,477,'Ternate','2021-05-01 15:42:48','2021-05-01 15:42:48'),
(259,20,478,'Tidore Kepulauan','2021-05-01 15:42:48','2021-05-01 15:42:48'),
(260,21,1,'Aceh Barat','2021-05-01 15:42:50','2021-05-01 15:42:50'),
(261,21,2,'Aceh Barat Daya','2021-05-01 15:42:50','2021-05-01 15:42:50'),
(262,21,3,'Aceh Besar','2021-05-01 15:42:50','2021-05-01 15:42:50'),
(263,21,4,'Aceh Jaya','2021-05-01 15:42:50','2021-05-01 15:42:50'),
(264,21,5,'Aceh Selatan','2021-05-01 15:42:50','2021-05-01 15:42:50'),
(265,21,6,'Aceh Singkil','2021-05-01 15:42:50','2021-05-01 15:42:50'),
(266,21,7,'Aceh Tamiang','2021-05-01 15:42:50','2021-05-01 15:42:50'),
(267,21,8,'Aceh Tengah','2021-05-01 15:42:50','2021-05-01 15:42:50'),
(268,21,9,'Aceh Tenggara','2021-05-01 15:42:50','2021-05-01 15:42:50'),
(269,21,10,'Aceh Timur','2021-05-01 15:42:50','2021-05-01 15:42:50'),
(270,21,11,'Aceh Utara','2021-05-01 15:42:50','2021-05-01 15:42:50'),
(271,21,20,'Banda Aceh','2021-05-01 15:42:50','2021-05-01 15:42:50'),
(272,21,59,'Bener Meriah','2021-05-01 15:42:50','2021-05-01 15:42:50'),
(273,21,72,'Bireuen','2021-05-01 15:42:50','2021-05-01 15:42:50'),
(274,21,127,'Gayo Lues','2021-05-01 15:42:50','2021-05-01 15:42:50'),
(275,21,230,'Langsa','2021-05-01 15:42:50','2021-05-01 15:42:50'),
(276,21,235,'Lhokseumawe','2021-05-01 15:42:50','2021-05-01 15:42:50'),
(277,21,300,'Nagan Raya','2021-05-01 15:42:50','2021-05-01 15:42:50'),
(278,21,358,'Pidie','2021-05-01 15:42:50','2021-05-01 15:42:50'),
(279,21,359,'Pidie Jaya','2021-05-01 15:42:50','2021-05-01 15:42:50'),
(280,21,384,'Sabang','2021-05-01 15:42:50','2021-05-01 15:42:50'),
(281,21,414,'Simeulue','2021-05-01 15:42:50','2021-05-01 15:42:50'),
(282,21,429,'Subulussalam','2021-05-01 15:42:50','2021-05-01 15:42:50'),
(283,22,68,'Bima','2021-05-01 15:42:51','2021-05-01 15:42:51'),
(284,22,69,'Bima','2021-05-01 15:42:51','2021-05-01 15:42:51'),
(285,22,118,'Dompu','2021-05-01 15:42:51','2021-05-01 15:42:51'),
(286,22,238,'Lombok Barat','2021-05-01 15:42:51','2021-05-01 15:42:51'),
(287,22,239,'Lombok Tengah','2021-05-01 15:42:51','2021-05-01 15:42:51'),
(288,22,240,'Lombok Timur','2021-05-01 15:42:51','2021-05-01 15:42:51'),
(289,22,241,'Lombok Utara','2021-05-01 15:42:51','2021-05-01 15:42:51'),
(290,22,276,'Mataram','2021-05-01 15:42:51','2021-05-01 15:42:51'),
(291,22,438,'Sumbawa','2021-05-01 15:42:51','2021-05-01 15:42:51'),
(292,22,439,'Sumbawa Barat','2021-05-01 15:42:51','2021-05-01 15:42:51'),
(293,23,13,'Alor','2021-05-01 15:42:53','2021-05-01 15:42:53'),
(294,23,58,'Belu','2021-05-01 15:42:53','2021-05-01 15:42:53'),
(295,23,122,'Ende','2021-05-01 15:42:53','2021-05-01 15:42:53'),
(296,23,125,'Flores Timur','2021-05-01 15:42:53','2021-05-01 15:42:53'),
(297,23,212,'Kupang','2021-05-01 15:42:53','2021-05-01 15:42:53'),
(298,23,213,'Kupang','2021-05-01 15:42:53','2021-05-01 15:42:53'),
(299,23,234,'Lembata','2021-05-01 15:42:53','2021-05-01 15:42:53'),
(300,23,269,'Manggarai','2021-05-01 15:42:53','2021-05-01 15:42:53'),
(301,23,270,'Manggarai Barat','2021-05-01 15:42:53','2021-05-01 15:42:53'),
(302,23,271,'Manggarai Timur','2021-05-01 15:42:53','2021-05-01 15:42:53'),
(303,23,301,'Nagekeo','2021-05-01 15:42:53','2021-05-01 15:42:53'),
(304,23,304,'Ngada','2021-05-01 15:42:53','2021-05-01 15:42:53'),
(305,23,383,'Rote Ndao','2021-05-01 15:42:53','2021-05-01 15:42:53'),
(306,23,385,'Sabu Raijua','2021-05-01 15:42:53','2021-05-01 15:42:53'),
(307,23,412,'Sikka','2021-05-01 15:42:53','2021-05-01 15:42:53'),
(308,23,434,'Sumba Barat','2021-05-01 15:42:53','2021-05-01 15:42:53'),
(309,23,435,'Sumba Barat Daya','2021-05-01 15:42:53','2021-05-01 15:42:53'),
(310,23,436,'Sumba Tengah','2021-05-01 15:42:53','2021-05-01 15:42:53'),
(311,23,437,'Sumba Timur','2021-05-01 15:42:53','2021-05-01 15:42:53'),
(312,23,479,'Timor Tengah Selatan','2021-05-01 15:42:53','2021-05-01 15:42:53'),
(313,23,480,'Timor Tengah Utara','2021-05-01 15:42:53','2021-05-01 15:42:53'),
(314,24,16,'Asmat','2021-05-01 15:42:54','2021-05-01 15:42:54'),
(315,24,67,'Biak Numfor','2021-05-01 15:42:54','2021-05-01 15:42:54'),
(316,24,90,'Boven Digoel','2021-05-01 15:42:54','2021-05-01 15:42:54'),
(317,24,111,'Deiyai (Deliyai)','2021-05-01 15:42:54','2021-05-01 15:42:54'),
(318,24,117,'Dogiyai','2021-05-01 15:42:54','2021-05-01 15:42:54'),
(319,24,150,'Intan Jaya','2021-05-01 15:42:54','2021-05-01 15:42:54'),
(320,24,157,'Jayapura','2021-05-01 15:42:54','2021-05-01 15:42:54'),
(321,24,158,'Jayapura','2021-05-01 15:42:54','2021-05-01 15:42:54'),
(322,24,159,'Jayawijaya','2021-05-01 15:42:54','2021-05-01 15:42:54'),
(323,24,180,'Keerom','2021-05-01 15:42:54','2021-05-01 15:42:54'),
(324,24,193,'Kepulauan Yapen (Yapen Waropen)','2021-05-01 15:42:54','2021-05-01 15:42:54'),
(325,24,231,'Lanny Jaya','2021-05-01 15:42:54','2021-05-01 15:42:54'),
(326,24,263,'Mamberamo Raya','2021-05-01 15:42:54','2021-05-01 15:42:54'),
(327,24,264,'Mamberamo Tengah','2021-05-01 15:42:54','2021-05-01 15:42:54'),
(328,24,274,'Mappi','2021-05-01 15:42:54','2021-05-01 15:42:54'),
(329,24,281,'Merauke','2021-05-01 15:42:54','2021-05-01 15:42:54'),
(330,24,284,'Mimika','2021-05-01 15:42:54','2021-05-01 15:42:54'),
(331,24,299,'Nabire','2021-05-01 15:42:54','2021-05-01 15:42:54'),
(332,24,303,'Nduga','2021-05-01 15:42:54','2021-05-01 15:42:54'),
(333,24,335,'Paniai','2021-05-01 15:42:54','2021-05-01 15:42:54'),
(334,24,347,'Pegunungan Bintang','2021-05-01 15:42:54','2021-05-01 15:42:54'),
(335,24,373,'Puncak','2021-05-01 15:42:54','2021-05-01 15:42:54'),
(336,24,374,'Puncak Jaya','2021-05-01 15:42:54','2021-05-01 15:42:54'),
(337,24,392,'Sarmi','2021-05-01 15:42:54','2021-05-01 15:42:54'),
(338,24,443,'Supiori','2021-05-01 15:42:54','2021-05-01 15:42:54'),
(339,24,484,'Tolikara','2021-05-01 15:42:54','2021-05-01 15:42:54'),
(340,24,495,'Waropen','2021-05-01 15:42:54','2021-05-01 15:42:54'),
(341,24,499,'Yahukimo','2021-05-01 15:42:54','2021-05-01 15:42:54'),
(342,24,500,'Yalimo','2021-05-01 15:42:54','2021-05-01 15:42:54'),
(343,25,124,'Fakfak','2021-05-01 15:42:55','2021-05-01 15:42:55'),
(344,25,165,'Kaimana','2021-05-01 15:42:55','2021-05-01 15:42:55'),
(345,25,272,'Manokwari','2021-05-01 15:42:55','2021-05-01 15:42:55'),
(346,25,273,'Manokwari Selatan','2021-05-01 15:42:55','2021-05-01 15:42:55'),
(347,25,277,'Maybrat','2021-05-01 15:42:55','2021-05-01 15:42:55'),
(348,25,346,'Pegunungan Arfak','2021-05-01 15:42:55','2021-05-01 15:42:55'),
(349,25,378,'Raja Ampat','2021-05-01 15:42:55','2021-05-01 15:42:55'),
(350,25,424,'Sorong','2021-05-01 15:42:55','2021-05-01 15:42:55'),
(351,25,425,'Sorong','2021-05-01 15:42:55','2021-05-01 15:42:55'),
(352,25,426,'Sorong Selatan','2021-05-01 15:42:55','2021-05-01 15:42:55'),
(353,25,449,'Tambrauw','2021-05-01 15:42:55','2021-05-01 15:42:55'),
(354,25,474,'Teluk Bintuni','2021-05-01 15:42:55','2021-05-01 15:42:55'),
(355,25,475,'Teluk Wondama','2021-05-01 15:42:55','2021-05-01 15:42:55'),
(356,26,60,'Bengkalis','2021-05-01 15:42:56','2021-05-01 15:42:56'),
(357,26,120,'Dumai','2021-05-01 15:42:56','2021-05-01 15:42:56'),
(358,26,147,'Indragiri Hilir','2021-05-01 15:42:56','2021-05-01 15:42:56'),
(359,26,148,'Indragiri Hulu','2021-05-01 15:42:56','2021-05-01 15:42:56'),
(360,26,166,'Kampar','2021-05-01 15:42:56','2021-05-01 15:42:56'),
(361,26,187,'Kepulauan Meranti','2021-05-01 15:42:56','2021-05-01 15:42:56'),
(362,26,207,'Kuantan Singingi','2021-05-01 15:42:56','2021-05-01 15:42:56'),
(363,26,350,'Pekanbaru','2021-05-01 15:42:56','2021-05-01 15:42:56'),
(364,26,351,'Pelalawan','2021-05-01 15:42:56','2021-05-01 15:42:56'),
(365,26,381,'Rokan Hilir','2021-05-01 15:42:56','2021-05-01 15:42:56'),
(366,26,382,'Rokan Hulu','2021-05-01 15:42:56','2021-05-01 15:42:56'),
(367,26,406,'Siak','2021-05-01 15:42:56','2021-05-01 15:42:56'),
(368,27,253,'Majene','2021-05-01 15:42:57','2021-05-01 15:42:57'),
(369,27,262,'Mamasa','2021-05-01 15:42:57','2021-05-01 15:42:57'),
(370,27,265,'Mamuju','2021-05-01 15:42:57','2021-05-01 15:42:57'),
(371,27,266,'Mamuju Utara','2021-05-01 15:42:57','2021-05-01 15:42:57'),
(372,27,362,'Polewali Mandar','2021-05-01 15:42:57','2021-05-01 15:42:57'),
(373,28,38,'Bantaeng','2021-05-01 15:42:58','2021-05-01 15:42:58'),
(374,28,47,'Barru','2021-05-01 15:42:59','2021-05-01 15:42:59'),
(375,28,87,'Bone','2021-05-01 15:42:59','2021-05-01 15:42:59'),
(376,28,95,'Bulukumba','2021-05-01 15:42:59','2021-05-01 15:42:59'),
(377,28,123,'Enrekang','2021-05-01 15:42:59','2021-05-01 15:42:59'),
(378,28,132,'Gowa','2021-05-01 15:42:59','2021-05-01 15:42:59'),
(379,28,162,'Jeneponto','2021-05-01 15:42:59','2021-05-01 15:42:59'),
(380,28,244,'Luwu','2021-05-01 15:42:59','2021-05-01 15:42:59'),
(381,28,245,'Luwu Timur','2021-05-01 15:42:59','2021-05-01 15:42:59'),
(382,28,246,'Luwu Utara','2021-05-01 15:42:59','2021-05-01 15:42:59'),
(383,28,254,'Makassar','2021-05-01 15:42:59','2021-05-01 15:42:59'),
(384,28,275,'Maros','2021-05-01 15:42:59','2021-05-01 15:42:59'),
(385,28,328,'Palopo','2021-05-01 15:42:59','2021-05-01 15:42:59'),
(386,28,333,'Pangkajene Kepulauan','2021-05-01 15:42:59','2021-05-01 15:42:59'),
(387,28,336,'Parepare','2021-05-01 15:42:59','2021-05-01 15:42:59'),
(388,28,360,'Pinrang','2021-05-01 15:42:59','2021-05-01 15:42:59'),
(389,28,396,'Selayar (Kepulauan Selayar)','2021-05-01 15:42:59','2021-05-01 15:42:59'),
(390,28,408,'Sidenreng Rappang/Rapang','2021-05-01 15:42:59','2021-05-01 15:42:59'),
(391,28,416,'Sinjai','2021-05-01 15:42:59','2021-05-01 15:42:59'),
(392,28,423,'Soppeng','2021-05-01 15:42:59','2021-05-01 15:42:59'),
(393,28,448,'Takalar','2021-05-01 15:42:59','2021-05-01 15:42:59'),
(394,28,451,'Tana Toraja','2021-05-01 15:42:59','2021-05-01 15:42:59'),
(395,28,486,'Toraja Utara','2021-05-01 15:42:59','2021-05-01 15:42:59'),
(396,28,493,'Wajo','2021-05-01 15:42:59','2021-05-01 15:42:59'),
(397,29,25,'Banggai','2021-05-01 15:43:00','2021-05-01 15:43:00'),
(398,29,26,'Banggai Kepulauan','2021-05-01 15:43:00','2021-05-01 15:43:00'),
(399,29,98,'Buol','2021-05-01 15:43:00','2021-05-01 15:43:00'),
(400,29,119,'Donggala','2021-05-01 15:43:00','2021-05-01 15:43:00'),
(401,29,291,'Morowali','2021-05-01 15:43:00','2021-05-01 15:43:00'),
(402,29,329,'Palu','2021-05-01 15:43:00','2021-05-01 15:43:00'),
(403,29,338,'Parigi Moutong','2021-05-01 15:43:00','2021-05-01 15:43:00'),
(404,29,366,'Poso','2021-05-01 15:43:00','2021-05-01 15:43:00'),
(405,29,410,'Sigi','2021-05-01 15:43:00','2021-05-01 15:43:00'),
(406,29,482,'Tojo Una-Una','2021-05-01 15:43:00','2021-05-01 15:43:00'),
(407,29,483,'Toli-Toli','2021-05-01 15:43:00','2021-05-01 15:43:00'),
(408,30,53,'Bau-Bau','2021-05-01 15:43:01','2021-05-01 15:43:01'),
(409,30,85,'Bombana','2021-05-01 15:43:01','2021-05-01 15:43:01'),
(410,30,101,'Buton','2021-05-01 15:43:01','2021-05-01 15:43:01'),
(411,30,102,'Buton Utara','2021-05-01 15:43:01','2021-05-01 15:43:01'),
(412,30,182,'Kendari','2021-05-01 15:43:01','2021-05-01 15:43:01'),
(413,30,198,'Kolaka','2021-05-01 15:43:01','2021-05-01 15:43:01'),
(414,30,199,'Kolaka Utara','2021-05-01 15:43:01','2021-05-01 15:43:01'),
(415,30,200,'Konawe','2021-05-01 15:43:01','2021-05-01 15:43:01'),
(416,30,201,'Konawe Selatan','2021-05-01 15:43:01','2021-05-01 15:43:01'),
(417,30,202,'Konawe Utara','2021-05-01 15:43:01','2021-05-01 15:43:01'),
(418,30,295,'Muna','2021-05-01 15:43:01','2021-05-01 15:43:01'),
(419,30,494,'Wakatobi','2021-05-01 15:43:01','2021-05-01 15:43:01'),
(420,31,73,'Bitung','2021-05-01 15:43:02','2021-05-01 15:43:02'),
(421,31,81,'Bolaang Mongondow (Bolmong)','2021-05-01 15:43:02','2021-05-01 15:43:02'),
(422,31,82,'Bolaang Mongondow Selatan','2021-05-01 15:43:02','2021-05-01 15:43:02'),
(423,31,83,'Bolaang Mongondow Timur','2021-05-01 15:43:02','2021-05-01 15:43:02'),
(424,31,84,'Bolaang Mongondow Utara','2021-05-01 15:43:02','2021-05-01 15:43:02'),
(425,31,188,'Kepulauan Sangihe','2021-05-01 15:43:02','2021-05-01 15:43:02'),
(426,31,190,'Kepulauan Siau Tagulandang Biaro (Sitaro)','2021-05-01 15:43:02','2021-05-01 15:43:02'),
(427,31,192,'Kepulauan Talaud','2021-05-01 15:43:02','2021-05-01 15:43:02'),
(428,31,204,'Kotamobagu','2021-05-01 15:43:02','2021-05-01 15:43:02'),
(429,31,267,'Manado','2021-05-01 15:43:02','2021-05-01 15:43:02'),
(430,31,285,'Minahasa','2021-05-01 15:43:02','2021-05-01 15:43:02'),
(431,31,286,'Minahasa Selatan','2021-05-01 15:43:02','2021-05-01 15:43:02'),
(432,31,287,'Minahasa Tenggara','2021-05-01 15:43:02','2021-05-01 15:43:02'),
(433,31,288,'Minahasa Utara','2021-05-01 15:43:02','2021-05-01 15:43:02'),
(434,31,485,'Tomohon','2021-05-01 15:43:02','2021-05-01 15:43:02'),
(435,32,12,'Agam','2021-05-01 15:43:03','2021-05-01 15:43:03'),
(436,32,93,'Bukittinggi','2021-05-01 15:43:03','2021-05-01 15:43:03'),
(437,32,116,'Dharmasraya','2021-05-01 15:43:03','2021-05-01 15:43:03'),
(438,32,186,'Kepulauan Mentawai','2021-05-01 15:43:03','2021-05-01 15:43:03'),
(439,32,236,'Lima Puluh Koto/Kota','2021-05-01 15:43:03','2021-05-01 15:43:03'),
(440,32,318,'Padang','2021-05-01 15:43:03','2021-05-01 15:43:03'),
(441,32,321,'Padang Panjang','2021-05-01 15:43:03','2021-05-01 15:43:03'),
(442,32,322,'Padang Pariaman','2021-05-01 15:43:03','2021-05-01 15:43:03'),
(443,32,337,'Pariaman','2021-05-01 15:43:03','2021-05-01 15:43:03'),
(444,32,339,'Pasaman','2021-05-01 15:43:03','2021-05-01 15:43:03'),
(445,32,340,'Pasaman Barat','2021-05-01 15:43:03','2021-05-01 15:43:03'),
(446,32,345,'Payakumbuh','2021-05-01 15:43:03','2021-05-01 15:43:03'),
(447,32,357,'Pesisir Selatan','2021-05-01 15:43:03','2021-05-01 15:43:03'),
(448,32,394,'Sawah Lunto','2021-05-01 15:43:03','2021-05-01 15:43:03'),
(449,32,411,'Sijunjung (Sawah Lunto Sijunjung)','2021-05-01 15:43:03','2021-05-01 15:43:03'),
(450,32,420,'Solok','2021-05-01 15:43:03','2021-05-01 15:43:03'),
(451,32,421,'Solok','2021-05-01 15:43:03','2021-05-01 15:43:03'),
(452,32,422,'Solok Selatan','2021-05-01 15:43:03','2021-05-01 15:43:03'),
(453,32,453,'Tanah Datar','2021-05-01 15:43:03','2021-05-01 15:43:03'),
(454,33,40,'Banyuasin','2021-05-01 15:43:04','2021-05-01 15:43:04'),
(455,33,121,'Empat Lawang','2021-05-01 15:43:04','2021-05-01 15:43:04'),
(456,33,220,'Lahat','2021-05-01 15:43:04','2021-05-01 15:43:04'),
(457,33,242,'Lubuk Linggau','2021-05-01 15:43:04','2021-05-01 15:43:04'),
(458,33,292,'Muara Enim','2021-05-01 15:43:04','2021-05-01 15:43:04'),
(459,33,297,'Musi Banyuasin','2021-05-01 15:43:04','2021-05-01 15:43:04'),
(460,33,298,'Musi Rawas','2021-05-01 15:43:04','2021-05-01 15:43:04'),
(461,33,312,'Ogan Ilir','2021-05-01 15:43:04','2021-05-01 15:43:04'),
(462,33,313,'Ogan Komering Ilir','2021-05-01 15:43:04','2021-05-01 15:43:04'),
(463,33,314,'Ogan Komering Ulu','2021-05-01 15:43:04','2021-05-01 15:43:04'),
(464,33,315,'Ogan Komering Ulu Selatan','2021-05-01 15:43:04','2021-05-01 15:43:04'),
(465,33,316,'Ogan Komering Ulu Timur','2021-05-01 15:43:04','2021-05-01 15:43:04'),
(466,33,324,'Pagar Alam','2021-05-01 15:43:04','2021-05-01 15:43:04'),
(467,33,327,'Palembang','2021-05-01 15:43:04','2021-05-01 15:43:04'),
(468,33,367,'Prabumulih','2021-05-01 15:43:04','2021-05-01 15:43:04'),
(469,34,15,'Asahan','2021-05-01 15:43:06','2021-05-01 15:43:06'),
(470,34,52,'Batu Bara','2021-05-01 15:43:06','2021-05-01 15:43:06'),
(471,34,70,'Binjai','2021-05-01 15:43:06','2021-05-01 15:43:06'),
(472,34,110,'Dairi','2021-05-01 15:43:06','2021-05-01 15:43:06'),
(473,34,112,'Deli Serdang','2021-05-01 15:43:06','2021-05-01 15:43:06'),
(474,34,137,'Gunungsitoli','2021-05-01 15:43:06','2021-05-01 15:43:06'),
(475,34,146,'Humbang Hasundutan','2021-05-01 15:43:06','2021-05-01 15:43:06'),
(476,34,173,'Karo','2021-05-01 15:43:06','2021-05-01 15:43:06'),
(477,34,217,'Labuhan Batu','2021-05-01 15:43:06','2021-05-01 15:43:06'),
(478,34,218,'Labuhan Batu Selatan','2021-05-01 15:43:06','2021-05-01 15:43:06'),
(479,34,219,'Labuhan Batu Utara','2021-05-01 15:43:06','2021-05-01 15:43:06'),
(480,34,229,'Langkat','2021-05-01 15:43:06','2021-05-01 15:43:06'),
(481,34,268,'Mandailing Natal','2021-05-01 15:43:06','2021-05-01 15:43:06'),
(482,34,278,'Medan','2021-05-01 15:43:06','2021-05-01 15:43:06'),
(483,34,307,'Nias','2021-05-01 15:43:06','2021-05-01 15:43:06'),
(484,34,308,'Nias Barat','2021-05-01 15:43:06','2021-05-01 15:43:06'),
(485,34,309,'Nias Selatan','2021-05-01 15:43:06','2021-05-01 15:43:06'),
(486,34,310,'Nias Utara','2021-05-01 15:43:06','2021-05-01 15:43:06'),
(487,34,319,'Padang Lawas','2021-05-01 15:43:06','2021-05-01 15:43:06'),
(488,34,320,'Padang Lawas Utara','2021-05-01 15:43:06','2021-05-01 15:43:06'),
(489,34,323,'Padang Sidempuan','2021-05-01 15:43:06','2021-05-01 15:43:06'),
(490,34,325,'Pakpak Bharat','2021-05-01 15:43:06','2021-05-01 15:43:06'),
(491,34,353,'Pematang Siantar','2021-05-01 15:43:06','2021-05-01 15:43:06'),
(492,34,389,'Samosir','2021-05-01 15:43:06','2021-05-01 15:43:06'),
(493,34,404,'Serdang Bedagai','2021-05-01 15:43:06','2021-05-01 15:43:06'),
(494,34,407,'Sibolga','2021-05-01 15:43:06','2021-05-01 15:43:06'),
(495,34,413,'Simalungun','2021-05-01 15:43:06','2021-05-01 15:43:06'),
(496,34,459,'Tanjung Balai','2021-05-01 15:43:06','2021-05-01 15:43:06'),
(497,34,463,'Tapanuli Selatan','2021-05-01 15:43:06','2021-05-01 15:43:06'),
(498,34,464,'Tapanuli Tengah','2021-05-01 15:43:06','2021-05-01 15:43:06'),
(499,34,465,'Tapanuli Utara','2021-05-01 15:43:06','2021-05-01 15:43:06'),
(500,34,470,'Tebing Tinggi','2021-05-01 15:43:06','2021-05-01 15:43:06'),
(501,34,481,'Toba Samosir','2021-05-01 15:43:06','2021-05-01 15:43:06');

/*Table structure for table `costumer` */

DROP TABLE IF EXISTS `costumer`;

CREATE TABLE `costumer` (
  `id` int(10) unsigned NOT NULL AUTO_INCREMENT,
  `name` varchar(255) COLLATE utf8mb4_unicode_ci NOT NULL,
  `email` varchar(255) COLLATE utf8mb4_unicode_ci NOT NULL,
  `password` varchar(255) COLLATE utf8mb4_unicode_ci NOT NULL,
  `is_editor` tinyint(1) NOT NULL DEFAULT 0,
  `remember_token` varchar(100) COLLATE utf8mb4_unicode_ci DEFAULT NULL,
  `created_at` timestamp NULL DEFAULT NULL,
  `updated_at` timestamp NULL DEFAULT NULL,
  PRIMARY KEY (`id`),
  UNIQUE KEY `costumer_email_unique` (`email`)
) ENGINE=InnoDB DEFAULT CHARSET=utf8mb4 COLLATE=utf8mb4_unicode_ci;

/*Data for the table `costumer` */

/*Table structure for table `couriers` */

DROP TABLE IF EXISTS `couriers`;

CREATE TABLE `couriers` (
  `id` int(10) unsigned NOT NULL AUTO_INCREMENT,
  `code` varchar(10) COLLATE utf8mb4_unicode_ci DEFAULT NULL,
  `courier` varchar(191) COLLATE utf8mb4_unicode_ci NOT NULL,
  `created_at` timestamp NULL DEFAULT NULL,
  `updated_at` timestamp NULL DEFAULT NULL,
  PRIMARY KEY (`id`)
) ENGINE=InnoDB AUTO_INCREMENT=6 DEFAULT CHARSET=utf8mb4 COLLATE=utf8mb4_unicode_ci;

/*Data for the table `couriers` */

insert  into `couriers`(`id`,`code`,`courier`,`created_at`,`updated_at`) values 
(1,'jne','JNE','2021-04-04 18:00:34','2021-04-04 18:00:34'),
(2,'tiki','TIKI','2021-04-04 18:00:39','2021-04-04 18:00:39'),
(3,'pos','POS','2021-04-08 15:59:54','2021-04-13 14:11:48');

/*Table structure for table `discounts` */

DROP TABLE IF EXISTS `discounts`;

CREATE TABLE `discounts` (
  `id` int(10) NOT NULL AUTO_INCREMENT,
  `id_product` int(10) unsigned DEFAULT NULL,
  `percentage` int(3) DEFAULT NULL,
  `start` date DEFAULT NULL,
  `end` date DEFAULT NULL,
  `created_at` timestamp NULL DEFAULT NULL,
  `updated_at` timestamp NULL DEFAULT NULL,
  PRIMARY KEY (`id`),
  KEY `id_product` (`id_product`),
  CONSTRAINT `discounts_ibfk_1` FOREIGN KEY (`id_product`) REFERENCES `products` (`id`)
) ENGINE=InnoDB AUTO_INCREMENT=18 DEFAULT CHARSET=latin1;

/*Data for the table `discounts` */

insert  into `discounts`(`id`,`id_product`,`percentage`,`start`,`end`,`created_at`,`updated_at`) values 
(16,7,65,'2021-05-13','2021-05-20','2021-05-14 15:15:53','2021-05-14 15:15:53'),
(17,1,30,'2021-05-14','2021-05-19','2021-05-15 20:52:33','2021-05-15 20:52:33');

/*Table structure for table `failed_jobs` */

DROP TABLE IF EXISTS `failed_jobs`;

CREATE TABLE `failed_jobs` (
  `id` bigint(20) unsigned NOT NULL AUTO_INCREMENT,
  `connection` text COLLATE utf8mb4_unicode_ci NOT NULL,
  `queue` text COLLATE utf8mb4_unicode_ci NOT NULL,
  `payload` longtext COLLATE utf8mb4_unicode_ci NOT NULL,
  `exception` longtext COLLATE utf8mb4_unicode_ci NOT NULL,
  `failed_at` timestamp NOT NULL DEFAULT current_timestamp(),
  PRIMARY KEY (`id`)
) ENGINE=InnoDB DEFAULT CHARSET=utf8mb4 COLLATE=utf8mb4_unicode_ci;

/*Data for the table `failed_jobs` */

/*Table structure for table `migrations` */

DROP TABLE IF EXISTS `migrations`;

CREATE TABLE `migrations` (
  `id` int(10) unsigned NOT NULL AUTO_INCREMENT,
  `migration` varchar(191) COLLATE utf8mb4_unicode_ci NOT NULL,
  `batch` int(11) NOT NULL,
  PRIMARY KEY (`id`)
) ENGINE=InnoDB AUTO_INCREMENT=24 DEFAULT CHARSET=utf8mb4 COLLATE=utf8mb4_unicode_ci;

/*Data for the table `migrations` */

insert  into `migrations`(`id`,`migration`,`batch`) values 
(1,'2014_10_12_000000_create_users_table',1),
(2,'2014_10_12_100000_create_password_resets_table',1),
(3,'2019_02_15_123603_create_admins_table',1),
(4,'2019_02_15_123744_create_sellers_table',1),
(5,'2019_02_15_125445_create_products_table',1),
(6,'2019_02_15_130341_create_product_images_table',1),
(7,'2019_02_15_131114_create_transactions_table',1),
(8,'2019_02_15_131132_create_transaction_details_table',1),
(9,'2019_02_15_132352_create_product_categories_table',1),
(10,'2019_02_15_132701_create_carts_table',1),
(11,'2019_02_15_134220_create_wishlists_table',1),
(12,'2019_02_16_044815_create_rates_table',1),
(13,'2019_02_16_045411_create_product_reviews_table',1),
(14,'2019_02_16_062504_create_qna_products_table',1),
(15,'2019_02_16_063238_create_shopping_voucers_table',1),
(16,'2019_02_16_064643_create_couriers_table',1),
(17,'2019_02_16_102028_create_notifications_table',1),
(18,'2019_02_16_103007_create_seller_notifications_table',1),
(19,'2019_02_16_103024_create_user_notifications_table',1),
(20,'2019_08_19_000000_create_failed_jobs_table',2),
(21,'2021_03_01_133920_create_costumer_table',3),
(22,'2021_05_01_153313_create_provinces_table',4),
(23,'2021_05_01_153331_create_cities_table',4);

/*Table structure for table `password_resets` */

DROP TABLE IF EXISTS `password_resets`;

CREATE TABLE `password_resets` (
  `email` varchar(191) COLLATE utf8mb4_unicode_ci NOT NULL,
  `token` varchar(191) COLLATE utf8mb4_unicode_ci NOT NULL,
  `created_at` timestamp NULL DEFAULT NULL,
  KEY `password_resets_email_index` (`email`)
) ENGINE=InnoDB DEFAULT CHARSET=utf8mb4 COLLATE=utf8mb4_unicode_ci;

/*Data for the table `password_resets` */

/*Table structure for table `product_categories` */

DROP TABLE IF EXISTS `product_categories`;

CREATE TABLE `product_categories` (
  `id` int(10) unsigned NOT NULL AUTO_INCREMENT,
  `category_name` varchar(191) COLLATE utf8mb4_unicode_ci NOT NULL,
  `created_at` timestamp NULL DEFAULT NULL,
  `updated_at` timestamp NULL DEFAULT NULL,
  PRIMARY KEY (`id`)
) ENGINE=InnoDB AUTO_INCREMENT=9 DEFAULT CHARSET=utf8mb4 COLLATE=utf8mb4_unicode_ci;

/*Data for the table `product_categories` */

insert  into `product_categories`(`id`,`category_name`,`created_at`,`updated_at`) values 
(1,'Peralatan Dapur','2021-04-04 18:01:57','2021-04-19 01:47:31'),
(2,'Peralatan Kamar Mandi','2021-04-04 18:02:07','2021-04-04 18:02:07'),
(3,'Peralatan Kebun','2021-04-04 18:02:20','2021-04-04 18:02:20'),
(4,'Peralatan Tukang','2021-04-04 18:02:30','2021-04-04 18:02:30'),
(5,'Electronik Dapur','2021-04-04 18:02:40','2021-05-15 15:44:36'),
(6,'Peralatan Kue','2021-04-08 15:58:50','2021-05-15 15:45:04'),
(7,'Spare Part','2021-04-13 14:10:43','2021-05-15 15:46:02');

/*Table structure for table `product_category_details` */

DROP TABLE IF EXISTS `product_category_details`;

CREATE TABLE `product_category_details` (
  `id` int(10) unsigned NOT NULL AUTO_INCREMENT,
  `product_id` int(10) unsigned NOT NULL,
  `category_id` int(10) unsigned NOT NULL,
  `created_at` timestamp NOT NULL DEFAULT current_timestamp() ON UPDATE current_timestamp(),
  `updated_at` timestamp NOT NULL DEFAULT current_timestamp(),
  PRIMARY KEY (`id`),
  KEY `product_id` (`product_id`),
  KEY `category_id` (`category_id`),
  CONSTRAINT `product_category_details_ibfk_1` FOREIGN KEY (`product_id`) REFERENCES `products` (`id`),
  CONSTRAINT `product_category_details_ibfk_2` FOREIGN KEY (`category_id`) REFERENCES `product_categories` (`id`)
) ENGINE=InnoDB AUTO_INCREMENT=77 DEFAULT CHARSET=latin1;

/*Data for the table `product_category_details` */

insert  into `product_category_details`(`id`,`product_id`,`category_id`,`created_at`,`updated_at`) values 
(11,6,3,'2021-04-05 18:07:04','2021-04-05 18:07:04'),
(12,7,2,'2021-04-05 18:12:39','2021-04-05 18:12:39'),
(13,7,3,'2021-04-05 18:12:39','2021-04-05 18:12:39'),
(18,14,2,'2021-04-05 21:08:26','2021-04-05 21:08:26'),
(19,14,3,'2021-04-05 21:08:26','2021-04-05 21:08:26'),
(20,15,2,'2021-04-05 23:28:11','2021-04-05 23:28:11'),
(31,17,1,'2021-04-10 22:47:10','2021-04-10 22:47:10'),
(33,17,6,'2021-04-10 22:47:10','2021-04-10 22:47:10'),
(34,18,1,'2021-04-10 22:48:11','2021-04-10 22:48:11'),
(35,18,5,'2021-04-10 22:48:11','2021-04-10 22:48:11'),
(36,19,1,'2021-04-10 22:49:06','2021-04-10 22:49:06'),
(38,19,6,'2021-04-10 22:49:06','2021-04-10 22:49:06'),
(41,9,3,'2021-04-13 14:07:50','2021-04-13 14:07:50'),
(44,20,2,'2021-04-13 14:10:01','2021-04-13 14:10:01'),
(45,20,3,'2021-04-13 14:10:13','2021-04-13 14:10:13'),
(46,20,7,'2021-04-13 14:11:02','2021-04-13 14:11:02'),
(49,1,1,'2021-05-15 15:40:41','2021-05-15 15:40:41'),
(50,1,5,'2021-05-15 15:40:41','2021-05-15 15:40:41'),
(51,2,1,'2021-05-15 15:40:53','2021-05-15 15:40:53'),
(52,3,1,'2021-05-15 15:41:12','2021-05-15 15:41:12'),
(53,3,3,'2021-05-15 15:41:12','2021-05-15 15:41:12'),
(54,3,4,'2021-05-15 15:41:12','2021-05-15 15:41:12'),
(55,4,3,'2021-05-15 15:41:43','2021-05-15 15:41:43'),
(56,4,4,'2021-05-15 15:41:43','2021-05-15 15:41:43'),
(57,5,1,'2021-05-15 15:50:23','2021-05-15 15:50:23'),
(58,5,6,'2021-05-15 15:50:23','2021-05-15 15:50:23'),
(59,7,1,'2021-05-15 15:57:50','2021-05-15 15:57:50'),
(60,8,1,'2021-05-15 16:01:09','2021-05-15 16:01:09'),
(61,8,6,'2021-05-15 16:01:09','2021-05-15 16:01:09'),
(62,10,1,'2021-05-15 16:14:42','2021-05-15 16:14:42'),
(63,10,7,'2021-05-15 16:14:42','2021-05-15 16:14:42'),
(64,11,1,'2021-05-15 16:18:16','2021-05-15 16:18:16'),
(65,11,5,'2021-05-15 16:18:16','2021-05-15 16:18:16'),
(66,6,4,'2021-05-15 16:19:40','2021-05-15 16:19:40'),
(67,7,4,'2021-05-15 16:19:55','2021-05-15 16:19:55'),
(68,12,1,'2021-05-15 16:27:15','2021-05-15 16:27:15'),
(69,12,5,'2021-05-15 16:27:15','2021-05-15 16:27:15'),
(70,13,1,'2021-05-15 16:39:11','2021-05-15 16:39:11'),
(71,13,5,'2021-05-15 16:39:11','2021-05-15 16:39:11'),
(72,13,6,'2021-05-15 16:39:11','2021-05-15 16:39:11'),
(73,14,4,'2021-05-15 16:49:20','2021-05-15 16:49:20'),
(74,16,1,'2021-05-15 16:59:51','2021-05-15 16:59:51'),
(75,16,7,'2021-05-15 16:59:51','2021-05-15 16:59:51'),
(76,20,1,'2021-05-15 17:03:54','2021-05-15 17:03:54');

/*Table structure for table `product_images` */

DROP TABLE IF EXISTS `product_images`;

CREATE TABLE `product_images` (
  `id` int(10) unsigned NOT NULL AUTO_INCREMENT,
  `product_id` int(10) unsigned NOT NULL,
  `image_name` varchar(191) COLLATE utf8mb4_unicode_ci NOT NULL,
  `created_at` timestamp NULL DEFAULT NULL,
  `updated_at` timestamp NULL DEFAULT NULL,
  PRIMARY KEY (`id`),
  KEY `product_id` (`product_id`),
  CONSTRAINT `product_images_ibfk_1` FOREIGN KEY (`product_id`) REFERENCES `products` (`id`)
) ENGINE=InnoDB AUTO_INCREMENT=118 DEFAULT CHARSET=utf8mb4 COLLATE=utf8mb4_unicode_ci;

/*Data for the table `product_images` */

insert  into `product_images`(`id`,`product_id`,`image_name`,`created_at`,`updated_at`) values 
(55,17,'8417d81164f5d5fb6d2eae5a7d625eafimg-01.png','2021-04-10 22:47:10','2021-04-10 22:47:10'),
(56,18,'92da2096da45b7df1ab892f789012f00img-02.png','2021-04-10 22:48:11','2021-04-10 22:48:11'),
(57,19,'28e40a85826ead4a4cce2e656a819bf1img-03.png','2021-04-10 22:49:06','2021-04-10 22:49:06'),
(67,1,'594965a4bfabb52c052006bad3327fe2deep fryer3.webp','2021-05-15 15:20:52','2021-05-15 15:20:52'),
(68,1,'594965a4bfabb52c052006bad3327fe2deep fryer1.jpg','2021-05-15 15:20:52','2021-05-15 15:20:52'),
(69,1,'594965a4bfabb52c052006bad3327fe2deep fryer.jpg','2021-05-15 15:20:52','2021-05-15 15:20:52'),
(70,2,'772a1b1ac1566720106132b47e4f5350Mokapot Espresso2.jpg','2021-05-15 15:42:07','2021-05-15 15:42:07'),
(71,2,'772a1b1ac1566720106132b47e4f5350Mokapot Espresso1.jpg','2021-05-15 15:42:07','2021-05-15 15:42:07'),
(72,2,'772a1b1ac1566720106132b47e4f5350Mokapot Espresso.jpg','2021-05-15 15:42:07','2021-05-15 15:42:07'),
(73,3,'976b508ebb030b49e43bfb895c36927fSapu3.jpg','2021-05-15 15:42:31','2021-05-15 15:42:31'),
(74,3,'976b508ebb030b49e43bfb895c36927fSapu2.jpg','2021-05-15 15:42:31','2021-05-15 15:42:31'),
(75,3,'976b508ebb030b49e43bfb895c36927fSapu1.jpg','2021-05-15 15:42:31','2021-05-15 15:42:31'),
(76,4,'8db5e7a0b5b99ab288e3ff8e272118e8Gunting Tanaman.jpg','2021-05-15 15:43:14','2021-05-15 15:43:14'),
(77,4,'8db5e7a0b5b99ab288e3ff8e272118e8Gunting Tanaman2.jpg','2021-05-15 15:43:14','2021-05-15 15:43:14'),
(78,4,'8db5e7a0b5b99ab288e3ff8e272118e8Gunting Tanaman1.jpg','2021-05-15 15:43:14','2021-05-15 15:43:14'),
(79,5,'edd95437821178dbb03659c00e5f5ccaCetakan Wafle2.jpg','2021-05-15 15:50:40','2021-05-15 15:50:40'),
(80,5,'edd95437821178dbb03659c00e5f5ccaCetakan Wafle1.jpg','2021-05-15 15:50:40','2021-05-15 15:50:40'),
(81,5,'edd95437821178dbb03659c00e5f5ccaCetakan Wafle.jpg','2021-05-15 15:50:40','2021-05-15 15:50:40'),
(82,6,'ffb3b97c58a3693286f095bb3a5f406bGergaji2.png','2021-05-15 15:54:21','2021-05-15 15:54:21'),
(83,6,'ffb3b97c58a3693286f095bb3a5f406bGergaji1.jpg','2021-05-15 15:54:21','2021-05-15 15:54:21'),
(84,6,'ffb3b97c58a3693286f095bb3a5f406bGergaji.jpg','2021-05-15 15:54:21','2021-05-15 15:54:21'),
(85,9,'ffedc1e26d43179f4df970b8352e3ca6Keran Taman1.jpg','2021-05-15 16:04:42','2021-05-15 16:04:42'),
(86,9,'ffedc1e26d43179f4df970b8352e3ca6Keran Taman2.jpg','2021-05-15 16:04:42','2021-05-15 16:04:42'),
(87,9,'ffedc1e26d43179f4df970b8352e3ca6Keran Taman.jpg','2021-05-15 16:04:42','2021-05-15 16:04:42'),
(88,7,'581816300be1c9eee27b901eee5b17f3Keran Air2.jpg','2021-05-15 16:08:28','2021-05-15 16:08:28'),
(89,7,'581816300be1c9eee27b901eee5b17f3Keran Air1.jpg','2021-05-15 16:08:28','2021-05-15 16:08:28'),
(90,7,'581816300be1c9eee27b901eee5b17f3Keran Air.jpg','2021-05-15 16:08:28','2021-05-15 16:08:28'),
(91,8,'47163d70b686233bcf9e1b1b4161cfe3Loyang Brownis2.jpeg','2021-05-15 16:08:58','2021-05-15 16:08:58'),
(92,8,'47163d70b686233bcf9e1b1b4161cfe3Loyang Brownis2.jpg','2021-05-15 16:08:58','2021-05-15 16:08:58'),
(93,8,'47163d70b686233bcf9e1b1b4161cfe3Loyang Brownis.jpg','2021-05-15 16:08:58','2021-05-15 16:08:58'),
(94,10,'edd293b64c2361f845e4115958134e35Panci Magic com2.jpg','2021-05-15 16:15:06','2021-05-15 16:15:06'),
(95,10,'edd293b64c2361f845e4115958134e35Panci Magic com1.jpg','2021-05-15 16:15:06','2021-05-15 16:15:06'),
(96,10,'edd293b64c2361f845e4115958134e35Panci Magic com.jpg','2021-05-15 16:15:06','2021-05-15 16:15:06'),
(97,11,'32edc21c8417d0311bd706ec54392bdeRice Cooker2.jpg','2021-05-15 16:18:32','2021-05-15 16:18:32'),
(98,11,'32edc21c8417d0311bd706ec54392bdeRice Cooker1.jpg','2021-05-15 16:18:32','2021-05-15 16:18:32'),
(99,11,'32edc21c8417d0311bd706ec54392bdeRice Cooker.jpg','2021-05-15 16:18:32','2021-05-15 16:18:32'),
(100,12,'c29312c710ac725f8eed68091decfc260a843f17f1c8c408d8ad5e32fa94082c.jpg','2021-05-15 16:27:23','2021-05-15 16:27:23'),
(101,12,'c29312c710ac725f8eed68091decfc26HR2116_01-IMS-id_ID.webp','2021-05-15 16:27:23','2021-05-15 16:27:23'),
(102,12,'c29312c710ac725f8eed68091decfc26HR2221_00-IMS-id_ID.webp','2021-05-15 16:27:23','2021-05-15 16:27:23'),
(104,13,'8abe5aaf7a7d0966e931edd8453d4be2Mixer1.jpg','2021-05-15 16:39:41','2021-05-15 16:39:41'),
(105,13,'8abe5aaf7a7d0966e931edd8453d4be2Mixer.jpg','2021-05-15 16:39:41','2021-05-15 16:39:41'),
(106,13,'031ae870b58cd9839e6fb07fe818d824Mixer3.jpg','2021-05-15 16:45:11','2021-05-15 16:45:11'),
(107,14,'78c068aa40cd2a76928cbf4f70b016d7Ember3.jpg','2021-05-15 16:49:40','2021-05-15 16:49:40'),
(108,14,'78c068aa40cd2a76928cbf4f70b016d7Ember1.jpg','2021-05-15 16:49:40','2021-05-15 16:49:40'),
(109,14,'78c068aa40cd2a76928cbf4f70b016d7Ember.jpg','2021-05-15 16:49:40','2021-05-15 16:49:40'),
(110,15,'3be971c562ccbe91b0545bfea8404992Shower1.jpg','2021-05-15 16:53:26','2021-05-15 16:53:26'),
(111,15,'3be971c562ccbe91b0545bfea8404992Shower.jpg','2021-05-15 16:53:27','2021-05-15 16:53:27'),
(112,16,'2b2858ded0d550101d27f140e0f34947Sendok Blender2.jpg','2021-05-15 17:00:04','2021-05-15 17:00:04'),
(113,16,'2b2858ded0d550101d27f140e0f34947Sendok Blender1.jpg','2021-05-15 17:00:04','2021-05-15 17:00:04'),
(114,16,'2b2858ded0d550101d27f140e0f34947Sendok Blender.jpg','2021-05-15 17:00:04','2021-05-15 17:00:04'),
(115,20,'12ffe31c1690b40bece05cc98237c484karet kran air2.jpg','2021-05-15 17:04:04','2021-05-15 17:04:04'),
(116,20,'4420fed47a0448dd771cc1119955679ckaret kran air1.webp','2021-05-15 17:04:11','2021-05-15 17:04:11'),
(117,20,'4420fed47a0448dd771cc1119955679ckaret kran air.jpg','2021-05-15 17:04:11','2021-05-15 17:04:11');

/*Table structure for table `product_reviews` */

DROP TABLE IF EXISTS `product_reviews`;

CREATE TABLE `product_reviews` (
  `id` int(10) unsigned NOT NULL AUTO_INCREMENT,
  `product_id` int(10) unsigned NOT NULL,
  `user_id` int(10) unsigned NOT NULL,
  `rate` int(1) NOT NULL,
  `content` text COLLATE utf8mb4_unicode_ci NOT NULL,
  `created_at` timestamp NULL DEFAULT NULL,
  `updated_at` timestamp NULL DEFAULT NULL,
  PRIMARY KEY (`id`),
  KEY `user_id` (`user_id`),
  KEY `rate_id` (`rate`),
  KEY `product_id` (`product_id`),
  CONSTRAINT `product_reviews_ibfk_1` FOREIGN KEY (`user_id`) REFERENCES `users` (`id`),
  CONSTRAINT `product_reviews_ibfk_3` FOREIGN KEY (`product_id`) REFERENCES `products` (`id`)
) ENGINE=InnoDB AUTO_INCREMENT=21 DEFAULT CHARSET=utf8mb4 COLLATE=utf8mb4_unicode_ci;

/*Data for the table `product_reviews` */

insert  into `product_reviews`(`id`,`product_id`,`user_id`,`rate`,`content`,`created_at`,`updated_at`) values 
(1,1,5,4,'Anginn ciuuuk','2021-05-14 18:24:39','2021-05-14 18:24:39'),
(2,7,5,5,'Asli mantap poollll','2021-05-14 19:47:37','2021-05-14 19:47:37'),
(3,5,5,3,'Asli keras','2021-05-14 19:55:56','2021-05-14 19:55:56'),
(4,5,5,2,'Mantap taruh di posko','2021-05-14 19:56:11','2021-05-14 19:56:11'),
(5,5,5,4,'Mantap Gan makasih banyak','2021-05-14 19:56:28','2021-05-14 19:56:28'),
(6,5,5,4,'Rekomendasi buat temen temen semua','2021-05-14 19:56:54','2021-05-14 19:56:54'),
(7,5,5,3,'makasih banyak gan suka banget','2021-05-14 19:57:08','2021-05-14 19:57:08'),
(8,4,5,3,'Asli bersih abis pakek ini','2021-05-14 23:56:25','2021-05-14 23:56:25'),
(9,4,5,3,'Asli bersih abis pakek ini','2021-05-14 23:56:40','2021-05-14 23:56:40'),
(10,4,5,3,'Asli bersih abis pakek ini','2021-05-14 23:58:08','2021-05-14 23:58:08'),
(11,4,5,2,'Asli mantap','2021-05-15 00:03:01','2021-05-15 00:03:01'),
(12,4,5,5,'Mantap mantap','2021-05-15 00:06:30','2021-05-15 00:06:30'),
(13,4,5,2,'asdasds','2021-05-15 00:07:31','2021-05-15 00:07:31'),
(14,4,5,3,'asdasda','2021-05-15 00:09:42','2021-05-15 00:09:42'),
(15,4,5,4,'Asli mantap nii','2021-05-15 00:32:54','2021-05-15 00:32:54'),
(16,11,5,2,'Apaan nii kurang lah','2021-05-15 00:36:11','2021-05-15 00:36:11'),
(17,4,5,4,'asdsadd','2021-05-15 00:36:40','2021-05-15 00:36:40'),
(18,11,5,3,'Cuma cocok kalau pro','2021-05-15 00:44:46','2021-05-15 00:44:46'),
(19,11,5,3,'Cocok niii buat kamu yang mau serius','2021-05-15 00:47:02','2021-05-15 00:47:02'),
(20,2,5,4,'Makasih banyak berguna banget','2021-05-15 23:05:08','2021-05-15 23:05:08');

/*Table structure for table `products` */

DROP TABLE IF EXISTS `products`;

CREATE TABLE `products` (
  `id` int(10) unsigned NOT NULL AUTO_INCREMENT,
  `product_name` varchar(191) COLLATE utf8mb4_unicode_ci NOT NULL,
  `price` int(11) NOT NULL,
  `description` text COLLATE utf8mb4_unicode_ci NOT NULL,
  `product_rate` double DEFAULT NULL,
  `created_at` timestamp NULL DEFAULT NULL,
  `updated_at` timestamp NULL DEFAULT NULL,
  `stock` int(10) DEFAULT NULL,
  `weight` int(3) DEFAULT NULL,
  PRIMARY KEY (`id`)
) ENGINE=InnoDB AUTO_INCREMENT=25 DEFAULT CHARSET=utf8mb4 COLLATE=utf8mb4_unicode_ci;

/*Data for the table `products` */

insert  into `products`(`id`,`product_name`,`price`,`description`,`product_rate`,`created_at`,`updated_at`,`stock`,`weight`) values 
(1,'Deep fryer',800000,'Alat Penggorengan Komersial di lengkapi kontrol pengatur panas bisa diatur',NULL,'2021-04-04 18:03:18','2021-05-15 22:42:26',60,3000),
(2,'Mokapot Espresso',54200,'Alat seduh espresso non machine, dimana bubuk kopi yang ditaruh diantara tabung atas dan tabung bawah, dialirkan oleh air yang mendidih dari bagian bawah ke atas, hasilnya akan menjadi kopi yang strong/kental, karena perbandingan air yang lebih sedikit dari kopi hitam.',NULL,'2021-04-04 18:04:04','2021-05-15 22:42:26',60,100),
(3,'Nagata Sapu',47920,'Alat rumah tangga dibuat dari ijuk',NULL,'2021-04-04 18:07:40','2021-05-15 15:36:17',89,112),
(4,'Gunting Tanaman',48000,'Gunting Tebal Kuat dan awet, Bahan Bagus, panjaang 8 inchi',NULL,'2021-04-04 18:08:19','2021-05-15 15:41:43',89,340),
(5,'Cetakan Wafle',262000,'Bahan terbuat dari die cast tebal, tidak berkarat , kuat tahan lama\r\n*Quality non stickable material ( Bahan non stickable berKualitas/ anti lengket)\r\n*Fast heated for quick cooking (Cepat dipanaskan untuk memasak cepat)\r\n*Solid handle provides easy grip (Pegangan yang memudahkan )\r\n* Easy to clean & to store (Mudah dibersihkan & untuk menyimpan) Aman',NULL,'2021-04-05 05:45:25','2021-05-15 15:50:23',100,1300),
(6,'Gergaji',30500,'Gagang kayu yang dilapisi karet sehingga nyaman digunakan\r\nGergaji kayu ini memiliki ukuran 18 Inch dan ketebalan 450mm\r\nCocok untuk persediaan perkakas dirumah Anda serta tahan lama\r\nMaterial : Besi berkualitas',NULL,'2021-04-05 10:07:03','2021-05-15 15:54:03',53,228),
(7,'Keran Air',60500,'Keran air KRAN AIR ONDA engkol Gold Kuningan',NULL,'2021-04-05 10:12:39','2021-05-15 15:57:50',23,130),
(8,'Loyang Brownis',20000,'Loyang brownis kukus, bisa juga utk roti ya moms',NULL,'2021-04-05 10:13:20','2021-05-15 16:01:09',49,110),
(9,'Keran Taman',65000,'Kran taman bawah putar/otomatis dan bahan besi',NULL,'2021-04-05 12:15:53','2021-05-15 16:04:24',25,333),
(10,'Panci Magic com',70000,'Panci teflon\r\nKapasitas : 1.2 Liter\r\nKompatibel dengan MCM-612\r\nMaterial anti lengket\r\nMudah dibersihkan',NULL,'2021-04-05 12:18:21','2021-05-15 16:14:42',101,700),
(11,'Rice Cooker',532000,'Magic Com / Rice Cooker Philips HD 3128\r\nKapasitas besar 2 liter (hingga 14 orang)\r\nPot dengan lapisan ProCeramic 3X lebih keras dan tahan lama\r\nPanas merata di dalam pot dengan 5 lapisan tebal',NULL,'2021-04-05 12:22:29','2021-05-15 16:18:16',17,1000),
(12,'Blender',650000,'Blender Philips HR 2116 adalah cara yang sempurna untuk menyediakan aneka jus setiap hari bagi keluarga Anda. Blender ini juga dapat membantu Anda dalam mengolah bahan-bahan makanan yang Anda perlukan, menggiling bumbu masak pun menjadi lebih mudah dari sebelumnya. Didesain dengan elegan, blender ini juga memberikan tampilan yang cantik bagi dapur Anda.',NULL,'2021-04-05 12:35:05','2021-05-15 16:27:15',20,1400),
(13,'Mixer Kue',971000,'Terobosan baru di dunia per-mixer-an, mesin kuat dan murah dengan fitur yang ada. Standing Mixer Mito MX100 mempunyai kecepatan 3000-16000 RPM, sangat cepat dibandingkan mixer pada umumnya.',NULL,'2021-04-05 12:37:46','2021-05-15 16:46:14',89,2500),
(14,'Ember Plastik',9000,'EMBER HITAM 22 L\r\nGM.SI4.HH\r\nHARGA PER PCS\r\nBAHAN : PLASTIK KUAT',NULL,'2021-04-05 13:08:26','2021-05-15 16:49:20',98,210),
(15,'Shower Mandi',415000,'Hand showet toto termurah, Untuk air dingin saja',NULL,'2021-04-05 15:28:11','2021-05-15 16:53:20',38,500),
(16,'Sendok Blender',52800,'Sendok juice blender Philips Original Part\r\nPanjang sendok 22.5 cm',NULL,'2021-04-08 15:57:54','2021-05-15 16:59:51',26,100),
(17,'Panci Aluminium',320000,'Panci Aluminium dengan kualitas terbaik',NULL,'2021-04-10 22:47:10','2021-05-15 17:27:27',21,500),
(18,'Wajan Kue',90000,'Wajan serbaguna untuk memasak',NULL,'2021-04-10 22:48:11','2021-04-10 22:48:11',34,200),
(19,'Kuali Besi',450000,'Kuali yang tepat untuk membuka usaha dengan skala industri',NULL,'2021-04-10 22:49:06','2021-05-13 03:57:39',17,600),
(20,'Karet Kran Air',17500,'Karet universal untuk selang jet shower / toilet shower dan selang hand shower), Seal bahan elastis dan kuat untuk air tekanan tinggi dan air panas',NULL,'2021-04-13 14:09:36','2021-05-15 17:03:54',30,50);

/*Table structure for table `provinces` */

DROP TABLE IF EXISTS `provinces`;

CREATE TABLE `provinces` (
  `id` bigint(20) unsigned NOT NULL AUTO_INCREMENT,
  `province_id` int(10) unsigned NOT NULL,
  `name` varchar(255) COLLATE utf8mb4_unicode_ci NOT NULL,
  `created_at` timestamp NULL DEFAULT NULL,
  `updated_at` timestamp NULL DEFAULT NULL,
  PRIMARY KEY (`id`)
) ENGINE=InnoDB AUTO_INCREMENT=35 DEFAULT CHARSET=utf8mb4 COLLATE=utf8mb4_unicode_ci;

/*Data for the table `provinces` */

insert  into `provinces`(`id`,`province_id`,`name`,`created_at`,`updated_at`) values 
(1,1,'Bali','2021-05-01 15:42:23','2021-05-01 15:42:23'),
(2,2,'Bangka Belitung','2021-05-01 15:42:24','2021-05-01 15:42:24'),
(3,3,'Banten','2021-05-01 15:42:25','2021-05-01 15:42:25'),
(4,4,'Bengkulu','2021-05-01 15:42:26','2021-05-01 15:42:26'),
(5,5,'DI Yogyakarta','2021-05-01 15:42:28','2021-05-01 15:42:28'),
(6,6,'DKI Jakarta','2021-05-01 15:42:29','2021-05-01 15:42:29'),
(7,7,'Gorontalo','2021-05-01 15:42:31','2021-05-01 15:42:31'),
(8,8,'Jambi','2021-05-01 15:42:32','2021-05-01 15:42:32'),
(9,9,'Jawa Barat','2021-05-01 15:42:33','2021-05-01 15:42:33'),
(10,10,'Jawa Tengah','2021-05-01 15:42:35','2021-05-01 15:42:35'),
(11,11,'Jawa Timur','2021-05-01 15:42:36','2021-05-01 15:42:36'),
(12,12,'Kalimantan Barat','2021-05-01 15:42:37','2021-05-01 15:42:37'),
(13,13,'Kalimantan Selatan','2021-05-01 15:42:39','2021-05-01 15:42:39'),
(14,14,'Kalimantan Tengah','2021-05-01 15:42:40','2021-05-01 15:42:40'),
(15,15,'Kalimantan Timur','2021-05-01 15:42:41','2021-05-01 15:42:41'),
(16,16,'Kalimantan Utara','2021-05-01 15:42:42','2021-05-01 15:42:42'),
(17,17,'Kepulauan Riau','2021-05-01 15:42:44','2021-05-01 15:42:44'),
(18,18,'Lampung','2021-05-01 15:42:45','2021-05-01 15:42:45'),
(19,19,'Maluku','2021-05-01 15:42:46','2021-05-01 15:42:46'),
(20,20,'Maluku Utara','2021-05-01 15:42:47','2021-05-01 15:42:47'),
(21,21,'Nanggroe Aceh Darussalam (NAD)','2021-05-01 15:42:48','2021-05-01 15:42:48'),
(22,22,'Nusa Tenggara Barat (NTB)','2021-05-01 15:42:50','2021-05-01 15:42:50'),
(23,23,'Nusa Tenggara Timur (NTT)','2021-05-01 15:42:51','2021-05-01 15:42:51'),
(24,24,'Papua','2021-05-01 15:42:53','2021-05-01 15:42:53'),
(25,25,'Papua Barat','2021-05-01 15:42:54','2021-05-01 15:42:54'),
(26,26,'Riau','2021-05-01 15:42:55','2021-05-01 15:42:55'),
(27,27,'Sulawesi Barat','2021-05-01 15:42:56','2021-05-01 15:42:56'),
(28,28,'Sulawesi Selatan','2021-05-01 15:42:57','2021-05-01 15:42:57'),
(29,29,'Sulawesi Tengah','2021-05-01 15:42:59','2021-05-01 15:42:59'),
(30,30,'Sulawesi Tenggara','2021-05-01 15:43:00','2021-05-01 15:43:00'),
(31,31,'Sulawesi Utara','2021-05-01 15:43:01','2021-05-01 15:43:01'),
(32,32,'Sumatera Barat','2021-05-01 15:43:02','2021-05-01 15:43:02'),
(33,33,'Sumatera Selatan','2021-05-01 15:43:03','2021-05-01 15:43:03'),
(34,34,'Sumatera Utara','2021-05-01 15:43:04','2021-05-01 15:43:04');

/*Table structure for table `response` */

DROP TABLE IF EXISTS `response`;

CREATE TABLE `response` (
  `id` int(10) unsigned NOT NULL AUTO_INCREMENT,
  `review_id` int(10) unsigned NOT NULL,
  `admin_id` int(10) unsigned NOT NULL,
  `content` text NOT NULL,
  `created_at` timestamp NOT NULL DEFAULT current_timestamp() ON UPDATE current_timestamp(),
  `updated_at` timestamp NOT NULL DEFAULT '0000-00-00 00:00:00',
  PRIMARY KEY (`id`),
  KEY `review_id` (`review_id`),
  KEY `admin_id` (`admin_id`),
  CONSTRAINT `response_ibfk_1` FOREIGN KEY (`review_id`) REFERENCES `product_reviews` (`id`),
  CONSTRAINT `response_ibfk_2` FOREIGN KEY (`admin_id`) REFERENCES `admins` (`id`)
) ENGINE=InnoDB AUTO_INCREMENT=7 DEFAULT CHARSET=latin1;

/*Data for the table `response` */

insert  into `response`(`id`,`review_id`,`admin_id`,`content`,`created_at`,`updated_at`) values 
(1,1,5,'Awas masuk angin gan','2021-05-14 19:32:00','2021-05-14 19:32:00'),
(2,1,5,'Ngokeh gan','2021-05-14 19:36:38','2021-05-14 19:36:38'),
(3,1,5,'Makasih banyak ngab','2021-05-14 19:41:23','2021-05-14 19:41:23'),
(4,1,5,'makasih brader','2021-05-15 00:34:33','2021-05-15 00:34:33'),
(5,20,5,'Mantap gan ditunggu pesanan selanjutnya','2021-05-15 23:24:36','2021-05-15 23:24:36'),
(6,20,5,'Semoga suka ngab','2021-05-15 23:27:41','2021-05-15 23:27:41');

/*Table structure for table `transaction_details` */

DROP TABLE IF EXISTS `transaction_details`;

CREATE TABLE `transaction_details` (
  `id` int(10) unsigned NOT NULL AUTO_INCREMENT,
  `transaction_id` int(10) unsigned NOT NULL,
  `product_id` int(10) unsigned NOT NULL,
  `qty` int(11) NOT NULL,
  `discount` int(3) DEFAULT NULL,
  `selling_price` int(11) DEFAULT NULL,
  `created_at` timestamp NULL DEFAULT NULL,
  `updated_at` timestamp NULL DEFAULT NULL,
  PRIMARY KEY (`id`),
  KEY `id_transaction` (`transaction_id`),
  KEY `id_product` (`product_id`),
  CONSTRAINT `transaction_details_ibfk_1` FOREIGN KEY (`transaction_id`) REFERENCES `transactions` (`id`),
  CONSTRAINT `transaction_details_ibfk_2` FOREIGN KEY (`product_id`) REFERENCES `products` (`id`)
) ENGINE=InnoDB AUTO_INCREMENT=114 DEFAULT CHARSET=utf8mb4 COLLATE=utf8mb4_unicode_ci;

/*Data for the table `transaction_details` */

insert  into `transaction_details`(`id`,`transaction_id`,`product_id`,`qty`,`discount`,`selling_price`,`created_at`,`updated_at`) values 
(1,2,1,1,6,8,'2021-05-01 18:39:26','2021-05-01 18:39:26'),
(2,2,6,1,0,0,'2021-05-01 18:39:26','2021-05-01 18:39:26'),
(3,4,1,2,6,1,'2021-05-01 18:46:30','2021-05-01 18:46:30'),
(4,5,8,1,6,8,'2021-05-01 18:50:29','2021-05-01 18:50:29'),
(5,6,8,1,6,8,'2021-05-01 18:52:45','2021-05-01 18:52:45'),
(6,7,8,1,6,8,'2021-05-01 18:53:36','2021-05-01 18:53:36'),
(7,8,8,1,6,8,'2021-05-01 18:54:47','2021-05-01 18:54:47'),
(8,9,8,1,6,8,'2021-05-01 18:54:49','2021-05-01 18:54:49'),
(9,10,8,1,60,800,'2021-05-01 18:55:06','2021-05-01 18:55:06'),
(10,11,8,1,60,800,'2021-05-01 18:56:07','2021-05-01 18:56:07'),
(11,12,16,1,34,21450,'2021-05-01 18:59:32','2021-05-01 18:59:32'),
(12,13,1,1,60,80400,'2021-05-01 21:21:09','2021-05-01 21:21:09'),
(13,13,2,1,50,105500,'2021-05-01 21:21:09','2021-05-01 21:21:09'),
(14,15,1,1,60,80400,'2021-05-01 21:49:26','2021-05-01 21:49:26'),
(15,15,2,1,50,105500,'2021-05-01 21:49:26','2021-05-01 21:49:26'),
(16,31,3,1,0,232000,'2021-05-01 22:31:39','2021-05-01 22:31:39'),
(17,33,2,2,50,211000,'2021-05-01 22:33:42','2021-05-01 22:33:42'),
(18,38,3,1,0,232000,'2021-05-01 22:41:23','2021-05-01 22:41:23'),
(19,39,7,1,0,2000,'2021-05-01 22:42:49','2021-05-01 22:42:49'),
(20,39,9,1,0,3000,'2021-05-01 22:42:49','2021-05-01 22:42:49'),
(21,40,16,1,34,21450,'2021-05-01 22:46:07','2021-05-01 22:46:07'),
(22,40,17,1,0,320000,'2021-05-01 22:46:07','2021-05-01 22:46:07'),
(23,41,2,5,50,1055000,'2021-05-01 23:51:57','2021-05-01 23:51:57'),
(24,41,1,3,60,241200,'2021-05-01 23:51:57','2021-05-01 23:51:57'),
(25,42,1,2,60,160800,'2021-05-01 23:54:20','2021-05-01 23:54:20'),
(26,42,2,2,0,422000,'2021-05-01 23:54:20','2021-05-01 23:54:20'),
(27,43,1,2,60,160800,'2021-05-02 00:16:11','2021-05-02 00:16:11'),
(28,43,4,10,0,210000,'2021-05-02 00:16:11','2021-05-02 00:16:11'),
(29,44,9,3,0,9000,'2021-05-02 00:55:58','2021-05-02 00:55:58'),
(30,44,2,3,0,633000,'2021-05-02 00:55:58','2021-05-02 00:55:58'),
(31,44,7,3,0,6000,'2021-05-02 00:55:58','2021-05-02 00:55:58'),
(32,44,19,3,0,1350000,'2021-05-02 00:55:58','2021-05-02 00:55:58'),
(33,45,1,1,60,80400,'2021-05-02 01:01:12','2021-05-02 01:01:12'),
(34,46,6,2,0,42000,'2021-05-02 11:57:56','2021-05-02 11:57:56'),
(35,48,3,3,0,696000,'2021-05-02 16:59:42','2021-05-02 16:59:42'),
(36,49,1,1,60,80400,'2021-05-02 19:47:25','2021-05-02 19:47:25'),
(37,50,1,2,60,160800,'2021-05-02 20:15:07','2021-05-02 20:15:07'),
(38,53,1,2,60,160800,'2021-05-02 21:28:31','2021-05-02 21:28:31'),
(39,53,5,3,0,63000,'2021-05-02 21:28:31','2021-05-02 21:28:31'),
(40,53,9,2,0,6000,'2021-05-02 21:28:31','2021-05-02 21:28:31'),
(41,54,7,3,0,6000,'2021-05-02 22:12:40','2021-05-02 22:12:40'),
(42,54,8,2,0,4000,'2021-05-02 22:12:40','2021-05-02 22:12:40'),
(43,54,1,5,60,402000,'2021-05-02 22:12:40','2021-05-02 22:12:40'),
(44,55,1,1,60,80400,'2021-05-02 22:18:28','2021-05-02 22:18:28'),
(45,56,7,2,0,4000,'2021-05-02 22:32:33','2021-05-02 22:32:33'),
(46,56,9,3,0,9000,'2021-05-02 22:32:33','2021-05-02 22:32:33'),
(47,57,1,1,60,80400,'2021-05-02 22:33:34','2021-05-02 22:33:34'),
(48,58,6,3,0,63000,'2021-05-02 23:46:19','2021-05-02 23:46:19'),
(49,59,2,1,0,211000,'2021-05-02 23:47:33','2021-05-02 23:47:33'),
(50,60,6,1,0,21000,'2021-05-02 23:56:09','2021-05-02 23:56:09'),
(51,61,2,1,0,211000,'2021-05-03 00:41:47','2021-05-03 00:41:47'),
(52,62,2,1,0,211000,'2021-05-03 00:42:57','2021-05-03 00:42:57'),
(53,63,5,1,0,21000,'2021-05-03 00:44:33','2021-05-03 00:44:33'),
(54,65,9,1,0,3000,'2021-05-03 00:46:51','2021-05-03 00:46:51'),
(55,66,1,1,60,80400,'2021-05-03 00:49:15','2021-05-03 00:49:15'),
(56,67,9,1,0,3000,'2021-05-03 00:57:32','2021-05-03 00:57:32'),
(57,68,2,1,0,211000,'2021-05-03 15:16:58','2021-05-03 15:16:58'),
(58,70,2,3,0,633000,'2021-05-03 22:29:54','2021-05-03 22:29:54'),
(59,70,1,2,60,160800,'2021-05-03 22:29:54','2021-05-03 22:29:54'),
(60,71,2,2,0,422000,'2021-05-06 22:53:01','2021-05-06 22:53:01'),
(61,71,1,2,60,160800,'2021-05-06 22:53:01','2021-05-06 22:53:01'),
(62,72,4,2,0,42000,'2021-05-07 02:59:27','2021-05-07 02:59:27'),
(63,73,6,2,0,42000,'2021-05-07 03:42:27','2021-05-07 03:42:27'),
(64,73,17,3,0,960000,'2021-05-07 03:42:27','2021-05-07 03:42:27'),
(65,73,18,1,49,45900,'2021-05-07 03:42:27','2021-05-07 03:42:27'),
(66,74,3,2,0,464000,'2021-05-08 16:42:02','2021-05-08 16:42:02'),
(67,75,3,3,0,696000,'2021-05-08 16:43:08','2021-05-08 16:43:08'),
(68,76,3,2,0,464000,'2021-05-08 16:44:30','2021-05-08 16:44:30'),
(69,77,6,2,0,42000,'2021-05-08 22:01:06','2021-05-08 22:01:06'),
(70,77,1,3,60,241200,'2021-05-08 22:01:06','2021-05-08 22:01:06'),
(71,78,2,1,0,211000,'2021-05-08 22:34:02','2021-05-08 22:34:02'),
(72,79,3,2,0,464000,'2021-05-09 00:27:32','2021-05-09 00:27:32'),
(73,80,2,2,0,422000,'2021-05-09 00:59:31','2021-05-09 00:59:31'),
(74,81,7,3,0,6000,'2021-05-09 01:02:53','2021-05-09 01:02:53'),
(75,82,9,3,0,3000,'2021-05-09 01:15:33','2021-05-09 01:15:33'),
(76,83,5,3,0,63000,'2021-05-09 13:24:40','2021-05-09 13:24:40'),
(77,83,15,2,0,12000,'2021-05-09 13:24:40','2021-05-09 13:24:40'),
(78,84,20,12,0,108000,'2021-05-09 13:32:15','2021-05-09 13:32:15'),
(79,85,9,1,0,3000,'2021-05-09 13:33:14','2021-05-09 13:33:14'),
(80,86,3,1,0,232000,'2021-05-09 14:06:54','2021-05-09 14:06:54'),
(81,87,5,3,0,63000,'2021-05-09 16:21:48','2021-05-09 16:21:48'),
(82,88,6,1,0,21000,'2021-05-11 21:58:07','2021-05-11 21:58:07'),
(83,95,5,2,0,21000,'2021-05-11 22:27:37','2021-05-11 22:27:37'),
(84,96,7,1,0,2000,'2021-05-11 22:50:51','2021-05-11 22:50:51'),
(85,97,7,2,0,4000,'2021-05-11 22:52:20','2021-05-11 22:52:20'),
(86,98,9,3,0,9000,'2021-05-13 02:43:17','2021-05-13 02:43:17'),
(87,99,4,3,0,63000,'2021-05-13 02:45:35','2021-05-13 02:45:35'),
(88,99,15,2,0,12000,'2021-05-13 02:45:35','2021-05-13 02:45:35'),
(89,102,5,2,0,42000,'2021-05-13 03:17:51','2021-05-13 03:17:51'),
(90,103,5,2,0,42000,'2021-05-13 03:39:04','2021-05-13 03:39:04'),
(91,104,11,3,0,64500,'2021-05-13 03:51:18','2021-05-13 03:51:18'),
(92,104,19,1,0,450000,'2021-05-13 03:51:18','2021-05-13 03:51:18'),
(93,105,1,1,62,76380,'2021-05-13 04:43:55','2021-05-13 04:43:55'),
(94,105,11,1,0,21500,'2021-05-13 04:43:55','2021-05-13 04:43:55'),
(95,106,7,1,0,2000,'2021-05-13 05:21:29','2021-05-13 05:21:29'),
(96,107,5,1,0,21000,'2021-05-13 05:22:46','2021-05-13 05:22:46'),
(97,108,5,1,0,21000,'2021-05-13 05:24:23','2021-05-13 05:24:23'),
(98,109,4,3,0,63000,'2021-05-13 05:35:43','2021-05-13 05:35:43'),
(99,110,2,1,0,211000,'2021-05-13 16:10:37','2021-05-13 16:10:37'),
(100,111,2,1,0,211000,'2021-05-13 16:27:00','2021-05-13 16:27:00'),
(101,112,16,3,32,66300,'2021-05-13 19:05:10','2021-05-13 19:05:10'),
(102,112,1,2,62,152760,'2021-05-13 19:05:10','2021-05-13 19:05:10'),
(103,113,6,2,0,42000,'2021-05-13 19:21:36','2021-05-13 19:21:36'),
(104,114,6,2,0,42000,'2021-05-14 15:55:49','2021-05-14 15:55:49'),
(105,114,7,2,65,1400,'2021-05-14 15:55:49','2021-05-14 15:55:49'),
(106,115,6,2,0,42000,'2021-05-14 15:58:15','2021-05-14 15:58:15'),
(107,115,7,2,65,1400,'2021-05-14 15:58:15','2021-05-14 15:58:15'),
(108,116,4,1,0,21000,'2021-05-15 00:03:54','2021-05-15 00:03:54'),
(109,117,2,2,0,108400,'2021-05-15 22:18:38','2021-05-15 22:18:38'),
(110,117,1,2,30,1120000,'2021-05-15 22:18:38','2021-05-15 22:18:38'),
(111,118,2,1,0,54200,'2021-05-15 22:58:36','2021-05-15 22:58:36'),
(112,119,5,1,0,262000,'2021-05-16 00:02:54','2021-05-16 00:02:54'),
(113,120,6,2,0,61000,'2021-05-21 18:58:21','2021-05-21 18:58:21');

/*Table structure for table `transactions` */

DROP TABLE IF EXISTS `transactions`;

CREATE TABLE `transactions` (
  `id` int(10) unsigned NOT NULL AUTO_INCREMENT,
  `timeout` datetime NOT NULL,
  `address` varchar(191) COLLATE utf8mb4_unicode_ci NOT NULL,
  `regency` varchar(50) COLLATE utf8mb4_unicode_ci NOT NULL,
  `province` varchar(50) COLLATE utf8mb4_unicode_ci NOT NULL,
  `total` double(12,2) NOT NULL,
  `shipping_cost` double(12,2) NOT NULL,
  `sub_total` double(12,2) NOT NULL,
  `user_id` int(20) unsigned NOT NULL,
  `courier_id` int(10) unsigned NOT NULL,
  `proof_of_payment` varchar(191) COLLATE utf8mb4_unicode_ci DEFAULT NULL,
  `created_at` timestamp NULL DEFAULT NULL,
  `updated_at` timestamp NULL DEFAULT NULL,
  `status` enum('unverified','verified','delivered','success','expired','canceled') COLLATE utf8mb4_unicode_ci DEFAULT NULL,
  PRIMARY KEY (`id`),
  KEY `courier_id` (`courier_id`),
  KEY `user_id` (`user_id`),
  CONSTRAINT `transactions_ibfk_1` FOREIGN KEY (`courier_id`) REFERENCES `couriers` (`id`),
  CONSTRAINT `transactions_ibfk_2` FOREIGN KEY (`user_id`) REFERENCES `users` (`id`)
) ENGINE=InnoDB AUTO_INCREMENT=121 DEFAULT CHARSET=utf8mb4 COLLATE=utf8mb4_unicode_ci;

/*Data for the table `transactions` */

insert  into `transactions`(`id`,`timeout`,`address`,`regency`,`province`,`total`,`shipping_cost`,`sub_total`,`user_id`,`courier_id`,`proof_of_payment`,`created_at`,`updated_at`,`status`) values 
(1,'2021-05-02 18:37:46','Panjer','Denpasar','Bali',88400.00,8000.00,80400.00,3,1,NULL,'2021-05-01 18:37:46','2021-05-07 14:58:50','expired'),
(2,'2021-05-02 18:39:26','Panjer','Denpasar','Bali',88400.00,8000.00,80400.00,3,1,NULL,'2021-05-01 18:39:26','2021-05-07 14:58:50','expired'),
(3,'2021-05-02 18:45:37','Panjer','Denpasar','Bali',168800.00,8000.00,160800.00,3,1,NULL,'2021-05-01 18:45:37','2021-05-07 14:00:05','expired'),
(4,'2021-05-02 18:46:30','Panjer','Denpasar','Bali',168800.00,8000.00,160800.00,3,1,NULL,'2018-05-01 18:46:30','2021-05-07 13:36:25','canceled'),
(5,'2021-05-02 18:50:29','Panjer','Denpasar','Bali',10000.00,8000.00,2000.00,3,1,NULL,'2021-05-01 18:50:29','2021-05-07 14:00:05','expired'),
(6,'2021-05-02 18:52:45','Panjer','Denpasar','Bali',10000.00,8000.00,2000.00,3,1,NULL,'2021-05-01 18:52:45','2021-05-07 13:36:25','canceled'),
(7,'2021-05-02 18:53:36','Denpasar','Denpasar','Bali',10000.00,8000.00,2000.00,3,1,NULL,'2021-05-01 18:53:36','2021-05-07 14:00:05','canceled'),
(8,'2021-05-02 18:54:47','Denpasar','Denpasar','Bali',10000.00,8000.00,2000.00,3,1,NULL,'2021-05-01 18:54:47','2021-05-07 14:48:20','expired'),
(9,'2021-05-02 18:54:49','Denpasar','Denpasar','Bali',10000.00,8000.00,2000.00,3,1,NULL,'2021-05-01 18:54:49','2021-05-07 14:58:50','expired'),
(10,'2021-05-02 18:55:06','Denpasar','Denpasar','Bali',10000.00,8000.00,2000.00,3,1,NULL,'2021-05-01 18:55:06','2021-05-07 14:58:50','expired'),
(11,'2021-05-02 18:56:07','Panjer','Denpasar','Bali',10000.00,8000.00,2000.00,3,1,NULL,'2019-02-16 18:56:07','2021-05-07 14:58:50','expired'),
(12,'2021-05-02 18:59:32','Panjer','Denpasar','Bali',360500.00,8000.00,352500.00,3,1,NULL,'2021-03-09 18:59:32','2021-05-07 13:40:36','expired'),
(13,'2021-05-02 21:21:09','Panjer','Buleleng','Bali',91400.00,11000.00,80400.00,3,1,NULL,'2021-05-01 21:21:09','2021-05-07 14:58:50','expired'),
(14,'2021-05-02 21:48:18','Kadmandu','Denpasar','Bali',54000.00,8000.00,46000.00,3,1,NULL,'2021-05-01 21:48:18','2021-05-07 14:58:50','expired'),
(15,'2021-05-02 21:49:26','gwk','Badung','Bali',89400.00,9000.00,80400.00,3,1,NULL,'2021-05-01 21:49:26','2021-05-07 14:58:50','expired'),
(16,'2021-05-02 21:51:09','Kadmandu','Gianyar','Bali',241000.00,9000.00,232000.00,3,1,NULL,'2021-05-01 21:51:09','2021-05-07 13:36:25','expired'),
(17,'2021-05-02 22:01:14','Kadmandu','Gianyar','Bali',241000.00,9000.00,232000.00,3,1,NULL,'2021-05-01 22:01:14','2021-05-07 14:58:50','expired'),
(18,'2021-05-02 22:02:22','Panjer','Denpasar','Bali',240000.00,8000.00,232000.00,3,1,NULL,'2021-05-01 22:02:22','2021-05-07 14:58:50','expired'),
(19,'2021-05-02 22:02:55','Panjer','Denpasar','Bali',240000.00,8000.00,232000.00,3,1,NULL,'2021-05-01 22:02:55','2021-05-07 14:58:50','expired'),
(20,'2021-05-02 22:03:09','Panjer','Denpasar','Bali',240000.00,8000.00,232000.00,3,1,NULL,'2021-05-01 22:03:09','2021-05-07 13:36:25','canceled'),
(21,'2021-05-02 22:03:42','Panjer','Denpasar','Bali',240000.00,8000.00,232000.00,3,1,NULL,'2021-05-01 22:03:42','2021-05-07 13:36:25','expired'),
(22,'2021-05-02 22:04:00','gwk','Badung','Bali',241000.00,9000.00,232000.00,3,1,NULL,'2021-05-01 22:04:00','2021-05-07 13:36:25','canceled'),
(23,'2021-05-02 22:04:17','gwk','Badung','Bali',241000.00,9000.00,232000.00,3,1,NULL,'2021-05-01 22:04:17','2021-05-07 13:36:25','expired'),
(24,'2021-05-02 22:04:21','gwk','Badung','Bali',241000.00,9000.00,232000.00,3,1,NULL,'2021-05-01 22:04:21','2021-05-07 13:36:25','canceled'),
(25,'2021-05-02 22:04:48','gwk','Badung','Bali',241000.00,9000.00,232000.00,3,1,NULL,'2021-05-01 22:04:48','2021-05-07 13:36:25','expired'),
(26,'2021-05-02 22:22:09','gwk','Badung','Bali',241000.00,9000.00,232000.00,3,1,NULL,'2021-05-01 22:22:09','2021-05-07 13:36:25','canceled'),
(27,'2021-05-02 22:23:18','gwk','Badung','Bali',241000.00,9000.00,232000.00,3,1,NULL,'2021-05-01 22:23:18','2021-05-07 13:36:25','canceled'),
(28,'2021-05-02 22:23:21','gwk','Badung','Bali',241000.00,9000.00,232000.00,3,1,NULL,'2021-05-01 22:23:21','2021-05-07 13:36:25','canceled'),
(29,'2021-05-02 22:23:54','Kadmandu','Denpasar','Bali',240000.00,8000.00,232000.00,3,1,NULL,'2021-05-01 22:23:54','2021-05-07 13:36:25','canceled'),
(30,'2021-05-02 22:24:59','Kadmandu','Denpasar','Bali',240000.00,8000.00,232000.00,3,1,NULL,'2021-05-01 22:24:59','2021-05-07 13:36:25','canceled'),
(31,'2021-05-02 22:31:39','Panjer','Denpasar','Bali',240000.00,8000.00,232000.00,3,1,NULL,'2021-05-01 22:31:39','2021-05-07 13:36:25','expired'),
(32,'2021-05-02 22:32:06','Panjer','Denpasar','Bali',8000.00,8000.00,0.00,3,1,NULL,'2021-05-01 22:32:06','2021-05-07 14:58:50','expired'),
(33,'2021-05-02 22:33:42','Panjer','Denpasar','Bali',662000.00,8000.00,654000.00,3,1,NULL,'2021-05-01 22:33:42','2021-05-07 14:58:50','expired'),
(34,'2021-05-02 22:34:05','Panjer','Denpasar','Bali',8000.00,8000.00,0.00,3,1,NULL,'2021-05-01 22:34:06','2021-05-04 02:39:15','expired'),
(35,'2021-05-02 22:36:57','Panjer','Denpasar','Bali',240000.00,8000.00,232000.00,3,1,NULL,'2021-05-01 22:36:57','2021-05-07 13:36:25','canceled'),
(36,'2021-05-02 22:37:36','Panjer','Denpasar','Bali',240000.00,8000.00,232000.00,3,1,NULL,'2021-05-01 22:37:36','2021-05-07 13:36:25','expired'),
(37,'2021-05-02 22:40:10','Montenegro','Denpasar','Bali',240000.00,8000.00,232000.00,3,1,NULL,'2021-05-01 22:40:10','2021-05-07 13:36:25','canceled'),
(38,'2021-05-02 22:41:23','UNUD','Denpasar','Bali',240000.00,8000.00,232000.00,3,1,NULL,'2021-05-01 22:41:23','2021-05-07 13:36:25','canceled'),
(39,'2021-05-02 22:42:49','Kotor','Denpasar','Bali',13000.00,8000.00,5000.00,3,1,NULL,'2021-05-01 22:42:49','2021-05-07 13:36:25','canceled'),
(40,'2021-05-02 22:46:07','Kosovo','Karangasem','Bali',363500.00,11000.00,352500.00,3,1,NULL,'2021-05-01 22:46:07','2021-05-07 13:36:25','expired'),
(41,'2021-05-02 23:51:56','Kosovo','Jakarta Pusat','DKI Jakarta',1314200.00,18000.00,1296200.00,3,1,NULL,'2021-05-01 23:51:57','2021-05-07 14:58:50','expired'),
(42,'2021-05-02 23:54:20','Uni Soviet','Lebak','Banten',185800.00,25000.00,160800.00,3,2,NULL,'2021-05-01 23:54:20','2021-05-07 14:58:50','expired'),
(43,'2021-05-03 00:16:11','Panjer','Badung','Bangka Belitung',167800.00,7000.00,160800.00,3,2,NULL,'2021-05-02 00:16:11','2021-05-04 02:00:02','expired'),
(44,'2021-05-03 00:55:58','Guan Zo','Buleleng','Bali',2020000.00,22000.00,1998000.00,3,1,NULL,'2021-05-02 00:55:58','2021-05-07 13:36:25','canceled'),
(45,'2021-05-03 01:01:12','New Delhi','Gunung Kidul','Jawa Tengah',102400.00,22000.00,80400.00,3,1,NULL,'2021-05-02 01:01:12','2021-05-07 14:58:50','expired'),
(46,'2021-05-03 11:57:56','Batu Bulan','Gianyar','Bali',51000.00,9000.00,42000.00,3,1,NULL,'2021-05-02 11:57:56','2021-05-07 13:36:25','expired'),
(47,'2021-05-03 16:56:48','Monang maning','Denpasar','Bali',240000.00,8000.00,232000.00,3,3,NULL,'2021-05-02 16:56:48','2021-05-07 13:36:25','canceled'),
(48,'2021-05-03 16:59:42','Monang maning','Denpasar','Bali',704000.00,8000.00,696000.00,3,3,NULL,'2021-05-02 16:59:42','2021-05-07 14:58:50','expired'),
(49,'2021-05-03 19:47:25','Kadmandu','Denpasar','Bali',88400.00,8000.00,80400.00,3,1,NULL,'2021-05-02 19:47:25','2021-05-07 14:58:50','expired'),
(50,'2021-05-03 20:15:07','Panjer','Denpasar','Bali',168800.00,8000.00,160800.00,3,1,NULL,'2021-05-02 20:15:07','2021-05-07 13:36:25','expired'),
(51,'2021-05-03 21:14:18','Panjer','Denpasar','Bali',8000.00,8000.00,0.00,3,1,NULL,'2021-05-02 21:14:18','2021-05-07 13:36:25','canceled'),
(52,'2021-05-03 21:15:25','Panjer','Denpasar','Bali',8000.00,8000.00,0.00,3,1,NULL,'2021-05-02 21:15:25','2021-05-07 13:36:25','expired'),
(53,'2021-05-03 21:28:31','Denpasar','Denpasar','Bali',168800.00,8000.00,160800.00,3,1,NULL,'2021-05-02 21:28:31','2021-05-07 13:36:25','canceled'),
(54,'2021-05-03 22:12:40','Monang maning','Denpasar','Bali',418000.00,6000.00,412000.00,3,2,NULL,'2021-05-02 22:12:40','2021-05-07 14:58:50','expired'),
(55,'2021-05-03 22:18:28','majapahit','Denpasar','Bali',86400.00,6000.00,80400.00,3,2,NULL,'2021-05-02 22:18:28','2021-05-07 13:36:25','canceled'),
(56,'2021-05-03 22:32:33','Panjer','Denpasar','Bali',19000.00,6000.00,13000.00,3,2,NULL,'2021-05-02 22:32:33','2021-05-07 13:36:25','expired'),
(57,'2021-05-03 22:33:34','gwk','Denpasar','Bali',86400.00,6000.00,80400.00,3,2,NULL,'2021-05-02 22:33:34','2021-05-07 14:58:50','expired'),
(58,'2021-05-03 23:46:19','Panjer','Denpasar','Bali',71000.00,8000.00,63000.00,3,1,NULL,'2021-05-02 23:46:19','2021-05-07 13:36:25','canceled'),
(59,'2021-05-03 23:47:32','Denpasar','Denpasar','Bali',219000.00,8000.00,211000.00,3,1,NULL,'2021-05-02 23:47:33','2021-05-07 13:36:25','expired'),
(60,'2021-05-03 23:56:09','Panjer','Buleleng','Bali',32000.00,11000.00,21000.00,3,1,NULL,'2021-05-02 23:56:09','2021-05-07 14:58:50','expired'),
(61,'2021-05-04 00:41:47','gang elang','Denpasar','Bali',219000.00,8000.00,211000.00,3,1,NULL,'2021-05-03 00:41:47','2021-05-04 02:39:20','canceled'),
(62,'2021-05-04 00:42:57','Panjer','Klungkung','Banten',222000.00,11000.00,211000.00,3,1,NULL,'2021-05-03 00:42:57','2021-05-07 13:36:25','expired'),
(63,'2021-05-04 00:44:33','Denpasar','Serang','Banten',40000.00,19000.00,21000.00,3,2,NULL,'2021-05-03 00:44:33','2021-05-07 13:36:25','expired'),
(64,'2021-05-04 00:45:00','Denpasar','Serang','Banten',19000.00,19000.00,0.00,3,2,NULL,'2021-05-03 00:45:00','2021-05-07 13:36:25','canceled'),
(65,'2021-05-04 00:46:51','Uzbeksitan','Seluma','Riau',54000.00,51000.00,3000.00,3,3,NULL,'2021-05-03 00:46:51','2021-05-07 14:58:50','expired'),
(66,'2021-05-04 00:49:15','Panjer','Bangli','Bangka Belitung',89400.00,9000.00,80400.00,3,1,NULL,'2021-05-03 00:49:15','2021-05-07 13:36:25','canceled'),
(67,'2021-05-04 00:57:32','Gunung Agung','Bangli','Bali',12000.00,9000.00,3000.00,3,1,NULL,'2021-05-03 00:57:32','2021-05-07 14:58:50','expired'),
(68,'2021-05-04 15:16:58','Panjer','Denpasar','Bali',217000.00,6000.00,211000.00,3,2,NULL,'2021-05-03 15:16:58','2021-05-07 13:36:25','expired'),
(69,'2021-05-04 00:00:27','Panjer','Denpasar','Bali',6000.00,6000.00,0.00,3,2,NULL,'2021-05-03 15:17:20','2021-05-07 13:36:25','canceled'),
(70,'2021-05-04 22:29:54','Kadmandu','Gianyar','Bali',802800.00,9000.00,793800.00,3,1,'03873fbd85557c25806bdc9a3d9e0d4c1461426549695.jpg','2021-05-03 22:29:54','2021-05-07 13:36:25','success'),
(71,'2021-05-08 22:53:01','Jalan Sudirman','Denpasar','Bali',590800.00,8000.00,582800.00,5,1,'1c9589305e75c3951b356325a4295a0cd8125dbea08472ee13636cb0ac8d0240.png','2021-05-06 22:53:01','2021-05-14 16:01:12','expired'),
(72,'2021-05-08 02:59:27','Kebun Raya','Karangasem','Bali',53000.00,11000.00,42000.00,5,1,NULL,'2021-05-07 02:59:27','2021-05-14 16:01:26','expired'),
(73,'2021-05-08 03:42:27','wild west','Gianyar','Bali',1073900.00,26000.00,1047900.00,5,3,NULL,'2021-05-07 03:42:27','2021-05-08 21:22:48','expired'),
(74,'2021-05-09 16:42:01','Baluk 2','Jembrana','Bali',473000.00,9000.00,464000.00,5,1,'64792901fef98d95805ba6d3c61f4ee2S__7905314.jpg','2021-05-08 16:42:02','2021-05-08 22:07:14','delivered'),
(75,'2021-05-09 16:43:08','Panjer','Buleleng','Bali',705000.00,9000.00,696000.00,5,2,'8da412b4080b86ba94ac83a9baae8982abstract-pastel-yellow-aquarelle-background_23-2148517807.jpg','2021-05-08 16:43:08','2021-05-09 16:09:30','delivered'),
(76,'2021-05-09 16:44:30','Baluk 2','Jembrana','Bali',473000.00,9000.00,464000.00,5,1,'b699f85ffe06f6704ed95e400740c6d21_1_S__6873106.jpg','2021-05-08 16:44:30','2021-05-08 22:09:07','delivered'),
(77,'2021-05-09 22:01:06','Sol Paulo','Gianyar','Bali',292200.00,9000.00,283200.00,5,1,'5eb24b6b43fd5c04ad9e79c8c8428e20S__7905314.jpg','2021-05-08 22:01:06','2021-05-08 22:03:46','delivered'),
(78,'2021-05-09 22:34:02','Panjer','Bangli','Bali',218000.00,7000.00,211000.00,5,2,'b921ad41983ac5f73da6f0cb97ce9fb4shopping-cart-logo-design-icon-135331012.jpg','2021-05-08 22:34:02','2021-05-09 14:12:23','delivered'),
(79,'2021-05-10 00:27:32','Perumahan cemara giri','Denpasar','Bali',472000.00,8000.00,464000.00,5,1,'52a7264182cc6871828daa89e8281f92WhatsApp Image 2021-05-02 at 23.31.03 (1).jpeg','2021-05-09 00:27:32','2021-05-09 00:58:49','delivered'),
(80,'2021-05-10 00:59:31','Batu Bulan','Gianyar','Bali',431000.00,9000.00,422000.00,5,1,'32e1bf5d2de1cea8959c109021d541c4WhatsApp Image 2021-05-02 at 23.31.03.jpeg','2021-05-09 00:59:31','2021-05-09 01:00:48','delivered'),
(81,'2021-05-10 01:02:53','Tukad Irawadi','Denpasar','Bali',14000.00,8000.00,6000.00,5,1,'b58df591d65f8118680e030173566a76WhatsApp Image 2021-05-02 at 23.31.04 (1).jpeg','2021-05-09 01:02:53','2021-05-09 01:03:02','delivered'),
(82,'2021-05-10 01:15:33','Jalan Trijata no 4','Denpasar','Bali',17000.00,8000.00,9000.00,5,1,'7e5b480d751b53d7bf5cfc5157a84081WhatsApp Image 2021-05-02 at 23.31.06 (2).jpeg','2021-05-09 01:15:33','2021-05-09 01:17:02','delivered'),
(83,'2021-05-10 13:24:40','Batu Bulan','Gianyar','Bali',84000.00,9000.00,75000.00,5,1,'95c107af2dd1083f9c1d604e7232c64dWhatsApp Image 2021-05-02 at 23.31.06 (2).jpeg','2021-05-09 13:24:40','2021-05-09 13:26:09','delivered'),
(84,'2021-05-10 13:32:15','Panjer','Denpasar','Bali',116000.00,8000.00,108000.00,5,1,'abcf40ee448c919479119e5e9d12ba4aWhatsApp Image 2021-05-02 at 23.31.06.jpeg','2021-05-09 13:32:15','2021-05-09 13:32:22','delivered'),
(85,'2021-05-10 13:33:14','Kadmandu','Denpasar','Bali',11000.00,8000.00,3000.00,5,1,NULL,'2021-05-09 13:33:14','2021-05-09 13:33:19','canceled'),
(86,'2021-05-10 14:06:54','Karanganyar','Buleleng','Bali',243000.00,11000.00,232000.00,5,1,'e84fa5d930e570dff19cfed8f0ecb22dthumnail_KT_algotitma astar.jpg','2021-05-09 14:06:54','2021-05-09 16:17:42','delivered'),
(87,'2021-05-10 16:21:48','Banyu Biru','Jembrana','Bali',72000.00,9000.00,63000.00,5,1,'c00a7c7e99453752693f19ddf2500487KT_algotitma astar.jpg','2021-05-09 16:21:48','2021-05-09 16:24:36','delivered'),
(88,'2021-05-12 21:58:07','Panjer','Denpasar','Bali',29000.00,8000.00,21000.00,5,1,NULL,'2021-05-11 21:58:07','2021-05-13 02:41:42','expired'),
(89,'2021-05-12 22:02:01','Panjer','Denpasar','Bali',8000.00,8000.00,0.00,5,1,NULL,'2021-05-11 22:02:01','2021-05-12 00:18:06','canceled'),
(90,'2021-05-12 22:02:20','Panjer','Denpasar','Bali',8000.00,8000.00,0.00,5,1,NULL,'2021-05-11 22:02:20','2021-05-12 14:25:16','canceled'),
(91,'2021-05-12 22:04:53','Panjer','Denpasar','Bali',8000.00,8000.00,0.00,5,1,NULL,'2021-05-11 22:04:53','2021-05-12 14:27:13','canceled'),
(92,'2021-05-12 22:06:41','Panjer','Denpasar','Bali',8000.00,8000.00,0.00,5,1,NULL,'2021-05-11 22:06:41','2021-05-13 02:41:01','expired'),
(93,'2021-05-12 22:09:49','Panjer','Denpasar','Bali',8000.00,8000.00,0.00,5,1,NULL,'2021-05-11 22:09:49','2021-05-13 02:41:12','expired'),
(94,'2021-05-12 22:22:28','Panjer','Denpasar','Bali',8000.00,8000.00,0.00,5,1,NULL,'2021-05-11 22:22:28','2021-05-13 02:41:19','expired'),
(95,'2021-05-12 22:27:37','Kadmandu','Denpasar','Bali',50000.00,8000.00,42000.00,5,1,NULL,'2021-05-11 22:27:37','2021-05-13 02:41:23','expired'),
(96,'2021-05-12 22:50:51','kamsud','Denpasar','Bali',10000.00,8000.00,2000.00,5,1,NULL,'2021-05-11 22:50:51','2021-05-13 02:41:30','expired'),
(97,'2021-05-12 22:52:20','Kadmandu','Denpasar','Bali',12000.00,8000.00,4000.00,5,1,NULL,'2021-05-11 22:52:20','2021-05-13 02:41:36','expired'),
(98,'2021-05-14 02:43:17','Gang Mandau','Denpasar','Bali',17000.00,8000.00,9000.00,5,1,NULL,'2021-05-13 02:43:17','2021-05-13 03:09:52','canceled'),
(99,'2021-05-13 04:35:11','Waturenggong no 104','Denpasar','Bali',81000.00,6000.00,75000.00,5,2,NULL,'2021-05-13 02:45:35','2021-05-13 04:35:11','expired'),
(100,'2021-05-14 03:15:09','Jalan Trijata no 4','Denpasar','Bali',50000.00,8000.00,42000.00,5,1,'96eef463d465f9a6c6f71b21543344e5IMG_32411520702089.jpeg','2021-05-13 03:15:09','2021-05-13 04:16:59','canceled'),
(101,'2021-05-14 03:16:03','Jalan Trijata no 4','Denpasar','Bali',50000.00,8000.00,42000.00,5,1,'61a79f3b3c387349e5b9b06240ab0115IMG_15446256027035.jpeg','2021-05-13 03:16:03','2021-05-13 04:20:00','canceled'),
(102,'2021-05-14 03:17:51','Jalan Trijata no 4','Denpasar','Bali',50000.00,8000.00,42000.00,5,1,'fa1d59c65fe9c2a6cb0622a184409863FB_IMG_1509726909166.jpg','2021-05-13 03:17:51','2021-05-13 03:20:18','delivered'),
(103,'2021-05-14 03:39:04','GWK','Denpasar','Bali',50000.00,8000.00,42000.00,5,1,'c55d57ca0e7b63b28d36fc129f7763acFB_IMG_1472527607316.jpg','2021-05-13 03:39:04','2021-05-13 03:45:52','delivered'),
(104,'2021-05-14 03:51:18','Banyu biru','Denpasar','Bali',522500.00,8000.00,514500.00,5,1,'4bd40288c4deadbfb43e65130d85477aFB_IMG_1476105755083.jpg','2021-05-13 03:51:18','2021-05-14 16:01:32','expired'),
(105,'2021-05-14 04:43:55','Batu Bulan','Gianyar','Bali',89380.00,13000.00,76380.00,5,3,NULL,'2021-05-13 04:43:55','2021-05-14 13:26:53','success'),
(106,'2021-05-14 05:21:29','Jati','Jembrana','Bali',11000.00,9000.00,2000.00,5,1,'3eea4b65ee9fe5674d91590463aa3ad6FB_IMG_1501163542644.jpg','2021-05-13 05:21:29','2021-05-13 05:22:17','success'),
(107,'2021-05-14 05:22:46','Rening','Jembrana','Bali',30000.00,9000.00,21000.00,5,1,NULL,'2021-05-13 05:22:46','2021-05-14 16:07:14','success'),
(108,'2021-05-14 05:24:23','Tower','Jembrana','Bali',30000.00,9000.00,21000.00,5,1,'65b8baaeb37024d0e87be6d35d604176IMG_13875147410550.jpeg','2021-05-13 05:24:23','2021-05-14 16:03:21','success'),
(109,'2021-05-14 05:35:43','Tukad Irawadi','Denpasar','Bali',71000.00,8000.00,63000.00,5,1,'02ee8bc20c40e5dc6df525d29d140f51IMG_123744736401167.jpeg','2021-05-13 05:35:43','2021-05-14 16:06:04','success'),
(110,'2021-05-14 16:10:37','Baluk 2','Jembrana','Bali',220000.00,9000.00,211000.00,3,1,NULL,'2021-05-13 16:10:37','2021-05-14 16:30:57','expired'),
(111,'2021-05-14 16:27:00','Gatsu','Denpasar','Bali',217000.00,6000.00,211000.00,3,2,NULL,'2021-05-13 16:27:00','2021-05-14 16:30:57','expired'),
(112,'2021-05-14 19:05:10','Jalam akasia','Denpasar','Bali',231060.00,12000.00,219060.00,3,2,'3c66ac4c0b29e5b096ff7cf6b4548fcd173119669_1214214458976754_764120528990062763_n.jpg','2021-05-13 19:05:10','2021-05-13 19:29:20','delivered'),
(113,'2021-05-14 19:21:36','Tukad yeh aya','Denpasar','Bali',50000.00,8000.00,42000.00,5,1,'8593a3925d40a31d74aba24cb97c6347IMG_35301830316394.jpeg','2021-05-13 19:21:36','2021-05-13 19:29:15','delivered'),
(114,'2021-05-15 15:55:49','Monang maning','Denpasar','Bali',51400.00,8000.00,43400.00,8,1,'14751e9e01d7117d322c28b6cee48d36WhatsApp Image 2021-05-14 at 12.09.34.jpeg','2021-05-14 15:55:49','2021-05-14 16:30:32','delivered'),
(115,'2021-05-15 15:58:15','Banyu Biru','Jembrana','Bali',52400.00,9000.00,43400.00,8,1,'832fd892ce9188d16842eb3408bcb8fdWhatsApp Image 2021-05-14 at 12.09.33 (1).jpeg','2021-05-14 15:58:15','2021-05-14 16:30:57','delivered'),
(116,'2021-05-16 00:03:54','Batu Bulan','Gianyar','Bali',30000.00,9000.00,21000.00,5,1,NULL,'2021-05-15 00:03:54','2021-05-16 00:34:37','expired'),
(117,'2021-05-16 22:18:38','Jalan Trijata no 4','Denpasar','Bali',1276400.00,48000.00,1228400.00,5,1,'59f374b2997426331601a52a877c37d4WhatsApp Image 2021-05-14 at 12.09.33.jpeg','2021-05-15 22:18:38','2021-05-15 23:03:56','success'),
(118,'2021-05-16 22:58:36','Waturenggong no 104','Denpasar','Bali',62200.00,8000.00,54200.00,5,1,'c9cff25f9dd468289358e789908e69c4S__61407238.jpg','2021-05-15 22:58:36','2021-05-15 22:59:27','canceled'),
(119,'2021-05-17 00:02:54','Tukad yeh aya','Denpasar','Bali',270000.00,8000.00,262000.00,3,1,NULL,'2021-05-16 00:02:54','2021-05-16 00:02:58','canceled'),
(120,'2021-05-22 18:58:21','Sudirman','Badung','Bali',70000.00,9000.00,61000.00,5,1,NULL,'2021-05-21 18:58:21','2021-05-21 18:59:33','canceled');

/*Table structure for table `user_activations` */

DROP TABLE IF EXISTS `user_activations`;

CREATE TABLE `user_activations` (
  `user_id` int(10) unsigned NOT NULL,
  `token` varchar(255) COLLATE utf8mb4_unicode_ci NOT NULL,
  `created_at` timestamp NOT NULL DEFAULT current_timestamp() ON UPDATE current_timestamp(),
  KEY `user_activations_token_index` (`token`)
) ENGINE=InnoDB DEFAULT CHARSET=utf8mb4 COLLATE=utf8mb4_unicode_ci;

/*Data for the table `user_activations` */

/*Table structure for table `user_notifications` */

DROP TABLE IF EXISTS `user_notifications`;

CREATE TABLE `user_notifications` (
  `id` int(11) NOT NULL AUTO_INCREMENT,
  `type` varchar(191) COLLATE utf8mb4_unicode_ci NOT NULL,
  `notifiable_type` varchar(191) COLLATE utf8mb4_unicode_ci NOT NULL,
  `notifiable_id` int(11) unsigned NOT NULL,
  `data` text COLLATE utf8mb4_unicode_ci NOT NULL,
  `read_at` timestamp NULL DEFAULT NULL,
  `created_at` timestamp NULL DEFAULT NULL,
  `updated_at` timestamp NULL DEFAULT NULL,
  PRIMARY KEY (`id`),
  KEY `user_notifications_notifiable_type_notifiable_id_index` (`notifiable_type`,`notifiable_id`),
  KEY `notifiable_id` (`notifiable_id`),
  CONSTRAINT `user_notifications_ibfk_1` FOREIGN KEY (`notifiable_id`) REFERENCES `users` (`id`)
) ENGINE=InnoDB AUTO_INCREMENT=72 DEFAULT CHARSET=utf8mb4 COLLATE=utf8mb4_unicode_ci;

/*Data for the table `user_notifications` */

insert  into `user_notifications`(`id`,`type`,`notifiable_type`,`notifiable_id`,`data`,`read_at`,`created_at`,`updated_at`) values 
(1,'App\\Notifications\\AdminNotification','App\\User',5,'{\"nama\":\"Arta Kusuma\",\"massage\":\"Transaksi telah dibatalkan\",\"id\":89}','2021-05-12 14:22:31','2021-05-12 00:27:22','2021-05-12 14:22:03'),
(2,'App\\Notifications\\AdminNotification','App\\User',5,'{\"nama\":\"Arta Kusuma\",\"massage\":\"Transaksi telah dibatalkan\",\"id\":90}','2021-05-12 14:25:20','2021-05-12 14:25:16','2021-05-12 14:25:20'),
(3,'App\\Notifications\\AdminNotification','App\\User',5,'{\"nama\":\"Arta Kusuma\",\"massage\":\"Transaksi telah dibatalkan\",\"id\":91}','2021-05-12 14:27:15','2021-05-12 14:27:13','2021-05-12 14:27:15'),
(4,'App\\Notifications\\AdminNotification','App\\User',5,'{\"nama\":\"Arta Kusuma\",\"massage\":\"Transaksi telah gagal\",\"id\":92}',NULL,'2021-05-13 02:41:01','2021-05-13 02:41:01'),
(5,'App\\Notifications\\AdminNotification','App\\User',5,'{\"nama\":\"Arta Kusuma\",\"massage\":\"Transaksi telah gagal\",\"id\":92}',NULL,'2021-05-13 02:41:06','2021-05-13 02:41:06'),
(6,'App\\Notifications\\AdminNotification','App\\User',5,'{\"nama\":\"Arta Kusuma\",\"massage\":\"Transaksi telah gagal\",\"id\":93}',NULL,'2021-05-13 02:41:12','2021-05-13 02:41:12'),
(7,'App\\Notifications\\AdminNotification','App\\User',5,'{\"nama\":\"Arta Kusuma\",\"massage\":\"Transaksi telah gagal\",\"id\":94}','2021-05-13 03:09:11','2021-05-13 02:41:19','2021-05-13 03:09:11'),
(8,'App\\Notifications\\AdminNotification','App\\User',5,'{\"nama\":\"Arta Kusuma\",\"massage\":\"Transaksi telah gagal\",\"id\":95}','2021-05-13 03:09:13','2021-05-13 02:41:23','2021-05-13 03:09:13'),
(9,'App\\Notifications\\AdminNotification','App\\User',5,'{\"nama\":\"Arta Kusuma\",\"massage\":\"Transaksi telah gagal\",\"id\":96}','2021-05-13 03:08:55','2021-05-13 02:41:30','2021-05-13 03:08:55'),
(10,'App\\Notifications\\AdminNotification','App\\User',5,'{\"nama\":\"Arta Kusuma\",\"massage\":\"Transaksi telah gagal\",\"id\":97}','2021-05-13 03:08:51','2021-05-13 02:41:36','2021-05-13 03:08:51'),
(11,'App\\Notifications\\AdminNotification','App\\User',5,'{\"nama\":\"Arta Kusuma\",\"massage\":\"Transaksi telah gagal\",\"id\":88}','2021-05-13 03:08:46','2021-05-13 02:41:42','2021-05-13 03:08:46'),
(12,'App\\Notifications\\AdminNotification','App\\User',5,'{\"nama\":\"Arta Kusuma\",\"massage\":\"pembatalan transaksi anda berhasil\",\"id\":98}','2021-05-13 03:40:39','2021-05-13 03:09:52','2021-05-13 03:40:39'),
(13,'App\\Notifications\\AdminNotification','App\\User',5,'{\"nama\":\"Arta Kusuma\",\"massage\":\"Transaksi anda sedang diproses\",\"id\":102}','2021-05-13 03:38:16','2021-05-13 03:17:51','2021-05-13 03:38:16'),
(14,'App\\Notifications\\AdminNotification','App\\User',5,'{\"nama\":\"Arta Kusuma\",\"massage\":\"Transaksi anda sedang diproses\",\"id\":103}','2021-05-13 03:40:28','2021-05-13 03:39:04','2021-05-13 03:40:28'),
(15,'App\\Notifications\\AdminNotification','App\\User',5,'{\"nama\":\"Arta Kusuma\",\"massage\":\"pembayaran anda telah terverifikasi\",\"id\":103}','2021-05-13 16:04:16','2021-05-13 03:43:07','2021-05-13 16:04:16'),
(16,'App\\Notifications\\AdminNotification','App\\User',5,'{\"nama\":\"Arta Kusuma\",\"massage\":\"Barang pesanan sedang dalam perjalanan\",\"id\":103}','2021-05-13 16:01:11','2021-05-13 03:45:52','2021-05-13 16:01:11'),
(17,'App\\Notifications\\AdminNotification','App\\User',5,'{\"nama\":\"Arta Kusuma\",\"massage\":\"Transaksi anda sedang diproses\",\"id\":104}','2021-05-13 16:01:10','2021-05-13 03:51:18','2021-05-13 16:01:10'),
(18,'App\\Notifications\\AdminNotification','App\\User',5,'{\"nama\":\"Arta Kusuma\",\"massage\":\"pembayaran anda telah terverifikasi\",\"id\":104}','2021-05-13 16:01:02','2021-05-13 03:57:39','2021-05-13 16:01:02'),
(19,'App\\Notifications\\AdminNotification','App\\User',5,'{\"nama\":\"debudhi\",\"massage\":\"transaksi anda telah dibatalkan karena tidak sesuai ketentuan\",\"id\":100}','2021-05-13 16:00:59','2021-05-13 04:16:59','2021-05-13 16:00:59'),
(20,'App\\Notifications\\AdminNotification','App\\User',5,'{\"nama\":\"Arta Kusuma\",\"massage\":\"transaksi anda telah dibatalkan karena tidak sesuai ketentuan\",\"id\":101}','2021-05-13 16:00:58','2021-05-13 04:20:00','2021-05-13 16:00:58'),
(21,'App\\Notifications\\AdminNotification','App\\User',5,'{\"nama\":\"Arta Kusuma\",\"massage\":\"Transaksi anda telah kadarluarsa\",\"id\":99}','2021-05-13 05:12:22','2021-05-13 04:35:11','2021-05-13 05:12:22'),
(22,'App\\Notifications\\AdminNotification','App\\User',5,'{\"nama\":\"Arta Kusuma\",\"massage\":\"Transaksi anda sedang diproses\",\"id\":105}','2021-05-13 05:12:21','2021-05-13 04:43:55','2021-05-13 05:12:21'),
(23,'App\\Notifications\\AdminNotification','App\\User',5,'{\"nama\":\"Arta Kusuma\",\"massage\":\"Barang pesanan sedang dalam perjalanan\",\"id\":104}','2021-05-13 05:12:20','2021-05-13 04:53:45','2021-05-13 05:12:20'),
(24,'App\\Notifications\\AdminNotification','App\\User',5,'{\"nama\":\"Arta Kusuma\",\"massage\":\"Barang pesanan sedang dalam perjalanan\",\"id\":104}','2021-05-13 05:12:18','2021-05-13 05:00:06','2021-05-13 05:12:18'),
(25,'App\\Notifications\\AdminNotification','App\\User',5,'{\"nama\":\"Arta Kusuma\",\"massage\":\"Transaksi anda sedang diproses\",\"id\":106}','2021-05-13 16:00:56','2021-05-13 05:21:29','2021-05-13 16:00:56'),
(26,'App\\Notifications\\AdminNotification','App\\User',5,'{\"nama\":\"Arta Kusuma\",\"massage\":\"transaksi anda telah dibatalkan karena tidak sesuai ketentuan\",\"id\":106}','2021-05-13 16:00:55','2021-05-13 05:22:17','2021-05-13 16:00:55'),
(27,'App\\Notifications\\AdminNotification','App\\User',5,'{\"nama\":\"Arta Kusuma\",\"massage\":\"Transaksi anda sedang diproses\",\"id\":107}','2021-05-13 16:00:52','2021-05-13 05:22:46','2021-05-13 16:00:52'),
(28,'App\\Notifications\\AdminNotification','App\\User',5,'{\"nama\":\"Arta Kusuma\",\"massage\":\"pembatalan transaksi anda berhasil\",\"id\":107}','2021-05-13 16:00:50','2021-05-13 05:23:50','2021-05-13 16:00:50'),
(29,'App\\Notifications\\AdminNotification','App\\User',5,'{\"nama\":\"Arta Kusuma\",\"massage\":\"Transaksi anda sedang diproses\",\"id\":108}','2021-05-13 16:00:49','2021-05-13 05:24:23','2021-05-13 16:00:49'),
(30,'App\\Notifications\\AdminNotification','App\\User',5,'{\"nama\":\"Arta Kusuma\",\"massage\":\"pembayaran anda telah terverifikasi\",\"id\":108}','2021-05-13 05:25:33','2021-05-13 05:25:19','2021-05-13 05:25:33'),
(31,'App\\Notifications\\AdminNotification','App\\User',5,'{\"nama\":\"Arta Kusuma\",\"massage\":\"pembayaran anda telah berhasil terverifikasi\",\"id\":108}','2021-05-13 16:00:48','2021-05-13 05:31:20','2021-05-13 16:00:48'),
(32,'App\\Notifications\\AdminNotification','App\\User',5,'{\"nama\":\"Arta Kusuma\",\"massage\":\"produk telah diterima dengan selamat\",\"id\":108}','2021-05-13 16:00:46','2021-05-13 05:34:30','2021-05-13 16:00:46'),
(33,'App\\Notifications\\AdminNotification','App\\User',5,'{\"nama\":\"Arta Kusuma\",\"massage\":\"Transaksi anda sedang diproses\",\"id\":109}','2021-05-13 16:00:45','2021-05-13 05:35:43','2021-05-13 16:00:45'),
(34,'App\\Notifications\\AdminNotification','App\\User',5,'{\"nama\":\"Arta Kusuma\",\"massage\":\"pembayaran anda telah terverifikasi\",\"id\":109}','2021-05-13 16:00:26','2021-05-13 05:36:32','2021-05-13 16:00:26'),
(35,'App\\Notifications\\AdminNotification','App\\User',5,'{\"nama\":\"Arta Kusuma\",\"massage\":\"Barang pesanan sedang dalam perjalanan\",\"id\":109}','2021-05-13 15:57:25','2021-05-13 05:42:27','2021-05-13 15:57:25'),
(36,'App\\Notifications\\AdminNotification','App\\User',5,'{\"nama\":\"Arta Kusuma\",\"massage\":\"produk telah diterima dengan selamat\",\"id\":109}','2021-05-13 15:57:16','2021-05-13 05:43:20','2021-05-13 15:57:16'),
(37,'App\\Notifications\\AdminNotification','App\\User',3,'{\"nama\":\"budhi\",\"massage\":\"Transaksi anda sedang diproses\",\"id\":110}',NULL,'2021-05-13 16:10:37','2021-05-13 16:10:37'),
(38,'App\\Notifications\\AdminNotification','App\\User',3,'{\"nama\":\"budhi\",\"massage\":\"Transaksi anda sedang diproses\",\"id\":111}',NULL,'2021-05-13 16:27:00','2021-05-13 16:27:00'),
(39,'App\\Notifications\\AdminNotification','App\\User',3,'{\"nama\":\"budhi\",\"massage\":\"Transaksi anda sedang diproses\",\"id\":112}',NULL,'2021-05-13 19:05:10','2021-05-13 19:05:10'),
(40,'App\\Notifications\\AdminNotification','App\\User',3,'{\"nama\":\"budhi\",\"massage\":\"pembayaran anda telah terverifikasi\",\"id\":112}','2021-05-13 19:20:32','2021-05-13 19:20:17','2021-05-13 19:20:32'),
(41,'App\\Notifications\\AdminNotification','App\\User',5,'{\"nama\":\"Arta Kusuma\",\"massage\":\"Transaksi anda sedang diproses\",\"id\":113}',NULL,'2021-05-13 19:21:36','2021-05-13 19:21:36'),
(42,'App\\Notifications\\AdminNotification','App\\User',5,'{\"nama\":\"Arta Kusuma\",\"massage\":\"pembayaran anda telah terverifikasi\",\"id\":113}',NULL,'2021-05-13 19:22:09','2021-05-13 19:22:09'),
(43,'App\\Notifications\\AdminNotification','App\\User',5,'{\"nama\":\"Arta Kusuma\",\"massage\":\"Barang pesanan sedang dalam perjalanan\",\"id\":113}',NULL,'2021-05-13 19:29:15','2021-05-13 19:29:15'),
(44,'App\\Notifications\\AdminNotification','App\\User',3,'{\"nama\":\"budhi\",\"massage\":\"Barang pesanan sedang dalam perjalanan\",\"id\":112}','2021-05-16 00:32:51','2021-05-13 19:29:20','2021-05-16 00:32:51'),
(45,'App\\Notifications\\AdminNotification','App\\User',8,'{\"nama\":\"Dede Budhi\",\"massage\":\"Transaksi anda sedang diproses\",\"id\":114}',NULL,'2021-05-14 15:55:49','2021-05-14 15:55:49'),
(46,'App\\Notifications\\AdminNotification','App\\User',8,'{\"nama\":\"Dede Budhi\",\"massage\":\"pembayaran anda telah terverifikasi\",\"id\":114}',NULL,'2021-05-14 15:56:57','2021-05-14 15:56:57'),
(47,'App\\Notifications\\AdminNotification','App\\User',8,'{\"nama\":\"Dede Budhi\",\"massage\":\"Transaksi anda sedang diproses\",\"id\":115}',NULL,'2021-05-14 15:58:15','2021-05-14 15:58:15'),
(48,'App\\Notifications\\AdminNotification','App\\User',8,'{\"nama\":\"Dede Budhi\",\"massage\":\"pembayaran anda telah terverifikasi\",\"id\":115}',NULL,'2021-05-14 15:58:43','2021-05-14 15:58:43'),
(49,'App\\Notifications\\AdminNotification','App\\User',5,'{\"nama\":\"Arta Kusuma\",\"massage\":\"Transaksi anda telah kadarluarsa\",\"id\":71}',NULL,'2021-05-14 16:01:12','2021-05-14 16:01:12'),
(50,'App\\Notifications\\AdminNotification','App\\User',5,'{\"nama\":\"Arta Kusuma\",\"massage\":\"Transaksi anda telah kadarluarsa\",\"id\":72}',NULL,'2021-05-14 16:01:26','2021-05-14 16:01:26'),
(51,'App\\Notifications\\AdminNotification','App\\User',5,'{\"nama\":\"Arta Kusuma\",\"massage\":\"Transaksi anda telah kadarluarsa\",\"id\":104}',NULL,'2021-05-14 16:01:32','2021-05-14 16:01:32'),
(52,'App\\Notifications\\AdminNotification','App\\User',5,'{\"nama\":\"Arta Kusuma\",\"massage\":\"Transaksi anda telah kadarluarsa\",\"id\":107}',NULL,'2021-05-14 16:01:37','2021-05-14 16:01:37'),
(53,'App\\Notifications\\AdminNotification','App\\User',5,'{\"nama\":\"Arta Kusuma\",\"massage\":\"Transaksi anda telah kadarluarsa\",\"id\":108}',NULL,'2021-05-14 16:03:21','2021-05-14 16:03:21'),
(54,'App\\Notifications\\AdminNotification','App\\User',5,'{\"nama\":\"Arta Kusuma\",\"massage\":\"Transaksi anda telah kadarluarsa\",\"id\":108}',NULL,'2021-05-14 16:05:20','2021-05-14 16:05:20'),
(55,'App\\Notifications\\AdminNotification','App\\User',5,'{\"nama\":\"Arta Kusuma\",\"massage\":\"Transaksi anda telah kadarluarsa\",\"id\":108}',NULL,'2021-05-14 16:05:58','2021-05-14 16:05:58'),
(56,'App\\Notifications\\AdminNotification','App\\User',5,'{\"nama\":\"Arta Kusuma\",\"massage\":\"Transaksi anda telah kadarluarsa\",\"id\":109}',NULL,'2021-05-14 16:06:04','2021-05-14 16:06:04'),
(57,'App\\Notifications\\AdminNotification','App\\User',5,'{\"nama\":\"Arta Kusuma\",\"massage\":\"Transaksi anda telah kadarluarsa\",\"id\":109}',NULL,'2021-05-14 16:06:47','2021-05-14 16:06:47'),
(58,'App\\Notifications\\AdminNotification','App\\User',5,'{\"nama\":\"Arta Kusuma\",\"massage\":\"Transaksi anda telah kadarluarsa\",\"id\":107}',NULL,'2021-05-14 16:07:14','2021-05-14 16:07:14'),
(59,'App\\Notifications\\AdminNotification','App\\User',8,'{\"nama\":\"Dede Budhi\",\"massage\":\"Barang pesanan sedang dalam perjalanan\",\"id\":114}',NULL,'2021-05-14 16:30:32','2021-05-14 16:30:32'),
(60,'App\\Notifications\\AdminNotification','App\\User',8,'{\"nama\":\"Dede Budhi\",\"massage\":\"Barang pesanan sedang dalam perjalanan\",\"id\":115}',NULL,'2021-05-14 16:30:57','2021-05-14 16:30:57'),
(61,'App\\Notifications\\AdminNotification','App\\User',5,'{\"nama\":\"Arta Kusuma\",\"massage\":\"Transaksi anda sedang diproses\",\"id\":116}','2021-05-15 00:21:00','2021-05-15 00:03:54','2021-05-15 00:21:00'),
(62,'App\\Notifications\\AdminNotification','App\\User',5,'{\"nama\":\"Arta Kusuma\",\"massage\":\"Transaksi anda sedang diproses\",\"id\":117}',NULL,'2021-05-15 22:18:38','2021-05-15 22:18:38'),
(63,'App\\Notifications\\AdminNotification','App\\User',5,'{\"nama\":\"Arta Kusuma\",\"massage\":\"pembayaran anda telah terverifikasi\",\"id\":117}',NULL,'2021-05-15 22:42:26','2021-05-15 22:42:26'),
(64,'App\\Notifications\\AdminNotification','App\\User',5,'{\"nama\":\"Arta Kusuma\",\"massage\":\"Barang pesanan sedang dalam perjalanan\",\"id\":117}',NULL,'2021-05-15 22:49:08','2021-05-15 22:49:08'),
(65,'App\\Notifications\\AdminNotification','App\\User',5,'{\"nama\":\"Arta Kusuma\",\"massage\":\"Transaksi anda sedang diproses\",\"id\":118}',NULL,'2021-05-15 22:58:36','2021-05-15 22:58:36'),
(66,'App\\Notifications\\AdminNotification','App\\User',5,'{\"nama\":\"Arta Kusuma\",\"massage\":\"transaksi anda telah dibatalkan karena tidak sesuai ketentuan\",\"id\":118}',NULL,'2021-05-15 22:59:27','2021-05-15 22:59:27'),
(67,'App\\Notifications\\AdminNotification','App\\User',5,'{\"nama\":\"Arta Kusuma\",\"massage\":\"produk telah diterima dengan selamat\",\"id\":117}',NULL,'2021-05-15 23:03:56','2021-05-15 23:03:56'),
(68,'App\\Notifications\\AdminNotification','App\\User',3,'{\"nama\":\"budhi\",\"massage\":\"Transaksi anda sedang diproses\",\"id\":119}','2021-05-16 00:32:23','2021-05-16 00:02:54','2021-05-16 00:32:23'),
(69,'App\\Notifications\\AdminNotification','App\\User',3,'{\"nama\":\"budhi\",\"massage\":\"pembatalan transaksi anda berhasil\",\"id\":119}','2021-05-16 00:32:43','2021-05-16 00:02:58','2021-05-16 00:32:43'),
(70,'App\\Notifications\\AdminNotification','App\\User',5,'{\"nama\":\"Arta Kusuma\",\"massage\":\"Transaksi anda sedang diproses\",\"id\":120}',NULL,'2021-05-21 18:58:21','2021-05-21 18:58:21'),
(71,'App\\Notifications\\AdminNotification','App\\User',5,'{\"nama\":\"Arta Kusuma\",\"massage\":\"transaksi anda telah dibatalkan karena tidak sesuai ketentuan\",\"id\":120}',NULL,'2021-05-21 18:59:33','2021-05-21 18:59:33');

/*Table structure for table `users` */

DROP TABLE IF EXISTS `users`;

CREATE TABLE `users` (
  `id` int(10) unsigned NOT NULL AUTO_INCREMENT,
  `name` varchar(191) COLLATE utf8mb4_unicode_ci NOT NULL,
  `email` varchar(191) COLLATE utf8mb4_unicode_ci NOT NULL,
  `profile_image` varchar(191) COLLATE utf8mb4_unicode_ci DEFAULT NULL,
  `status` varchar(191) COLLATE utf8mb4_unicode_ci DEFAULT NULL,
  `email_verified_at` timestamp NULL DEFAULT NULL,
  `password` varchar(191) COLLATE utf8mb4_unicode_ci NOT NULL,
  `remember_token` varchar(100) COLLATE utf8mb4_unicode_ci DEFAULT NULL,
  `created_at` timestamp NULL DEFAULT NULL,
  `updated_at` timestamp NULL DEFAULT NULL,
  `activated` tinyint(1) DEFAULT NULL,
  PRIMARY KEY (`id`),
  UNIQUE KEY `users_email_unique` (`email`)
) ENGINE=InnoDB AUTO_INCREMENT=15 DEFAULT CHARSET=utf8mb4 COLLATE=utf8mb4_unicode_ci;

/*Data for the table `users` */

insert  into `users`(`id`,`name`,`email`,`profile_image`,`status`,`email_verified_at`,`password`,`remember_token`,`created_at`,`updated_at`,`activated`) values 
(1,'desak','desak@gmail.com','','','2021-04-06 15:07:55','$2y$10$5s3a5cXJjc6ZQd1mKozEtODeYZkw46mUd2aEQZUnz9zH.zt1rknhS',NULL,'2021-04-06 15:06:45','2021-04-06 15:07:55',0),
(2,'vania','vania@gmail.com','','','2021-04-06 15:39:49','$2y$10$PQ1JrXxU4QWnyiieoL/mROa63PtMVJOdnwHwSOSEvzr1xaOGxelkO',NULL,'2021-04-06 15:35:11','2021-04-06 15:39:49',0),
(3,'budhi','budhi@gmail.com','5cb72d22e5849b9bfd8294907a05aa581_1_S__6873106.jpg',NULL,'2021-04-08 16:03:57','$2y$10$/D7NxT8BVv/CkfAViRfJQOLAi/MHXRbtZVdFNF/wiwwniMUMxpWbW',NULL,'2021-04-08 16:03:31','2021-05-15 23:41:12',NULL),
(4,'Ilham','ilham@gmail.com',NULL,NULL,'2021-04-13 14:01:53','$2y$10$ichaF7ps1hx66cNrH4ZpPO8uJw69UTNI.FVLhS6A9ZtEeZkctN3oG',NULL,'2021-04-13 14:01:11','2021-04-13 14:01:53',NULL),
(5,'Arta Kusuma','artakusuma@gmail.com','8cfe444485bf832ba98b6877549aade71460983683558.jpg',NULL,NULL,'$2y$10$46CpCHZB16U5OV73wSwcH.7Ioi2yx/I8ThBIYUOzVSJtOn1CxCiSC','qAWGok43njeQCcLZtLZH1DDD9Bj3PBAaBV83HjGPDvRXekkQJD91Hn42sMTJ','2021-05-04 13:08:54','2021-05-14 15:46:19',NULL),
(6,'meita d','meitad@gmail.com',NULL,NULL,'2021-05-11 20:01:21','$2y$10$kCMLNRUjOftzkjkyC95OCu.frlNU3xNVFxh2zWLrdhnl8Sptm38k6',NULL,'2021-05-11 19:59:18','2021-05-11 20:01:21',NULL),
(7,'Kusuma Giri','kusuma_giri@gmail.com',NULL,NULL,NULL,'$2y$10$D7bt7mHC3mKKMCcBZNf0V.UXY78KMZHyoKF1YkFdn131G3p7OPhMK',NULL,'2021-05-13 19:56:20','2021-05-13 19:56:20',NULL),
(8,'Dede Budhi','dede_budhi@gmail.com',NULL,NULL,NULL,'$2y$10$FGOPaZmVVdWF7rkgKe4uU.czlauMIicKXbYoT1oN5K.vX2m0a5he2',NULL,'2021-05-13 20:01:24','2021-05-13 20:01:24',NULL),
(9,'D meita','d_meita@gmail.com',NULL,NULL,NULL,'$2y$10$kMx11yloQzB9L3ujqG6w5.uBvPXbho3zou/KeUTXcuV90/Q3Mdlb6',NULL,'2021-05-13 20:10:20','2021-05-13 20:10:20',NULL),
(10,'Zeke','zeke_yeager@gmail.com',NULL,NULL,NULL,'$2y$10$Nw8tvIVr85zjsA7RpmvWWOHw.j2rbgFj7iouuqW7iqPQrG0by8LwK',NULL,'2021-05-13 23:01:08','2021-05-13 23:01:08',NULL),
(11,'Edwin Sirait','edwin_sirait@gmail.com',NULL,NULL,NULL,'$2y$10$Q27PYYbA2RfBSxAD2hUWH.n4UA6T4LZg9LHSCnJenprEQajTrD7Mi',NULL,'2021-05-13 23:06:49','2021-05-13 23:06:49',NULL),
(12,'Ary S','ary_s@gmail.com',NULL,NULL,NULL,'$2y$10$IFPKMTpgZvjA2V6NY0Ksfex5HuGyDlJBJ7bWRJTzl7vH/xkUnW0A2',NULL,'2021-05-13 23:09:49','2021-05-13 23:09:49',NULL),
(13,'Marvel DC','marvel_dc@gmail.com',NULL,NULL,'2021-05-13 23:20:47','$2y$10$2qrJ1x730Ynrg7b5LMjzw.R270LGc7QI/KPLVvBI52/n4d77X6hvG',NULL,'2021-05-13 23:19:12','2021-05-13 23:20:47',NULL),
(14,'Dianti M','dianti_m@gmail.com',NULL,NULL,'2021-05-13 23:32:31','$2y$10$Ey8AhwMV0JS5UFgaoHd7WubrMc8AVkOEQg5B87pK..gQpwwWBJcD2',NULL,'2021-05-13 23:24:26','2021-05-13 23:32:31',NULL);

/*!40101 SET SQL_MODE=@OLD_SQL_MODE */;
/*!40014 SET FOREIGN_KEY_CHECKS=@OLD_FOREIGN_KEY_CHECKS */;
/*!40014 SET UNIQUE_CHECKS=@OLD_UNIQUE_CHECKS */;
/*!40111 SET SQL_NOTES=@OLD_SQL_NOTES */;
